site,abs_diffsel,positive_diffsel,negative_diffsel,max_diffsel,min_diffsel
160,22.16700845260549,16.13779137297588,-6.02921707962961,11.355151963733679,-1.0205657808934527
159,21.461928616794346,16.215923477599095,-5.246005139195252,6.542058952147338,-1.2195753610717845
246,19.843470545206,19.130270250740764,-0.7132002944652376,11.819161462481999,-0.45451384739423795
214,17.788394200533233,7.184642678867091,-10.603751521666142,5.037121242828095,-1.672727316907551
(HA2)139,17.533764216639348,1.5320324232790024,-16.001731793360346,0.6834817334352052,-2.682700254962832
192,16.416762207768816,0.9691394078836187,-15.447622799885199,0.5058480358148395,-1.7028897362736326
92,16.24825899380483,0.8014703450883587,-15.446788648716469,0.8014703450883587,-2.035758360421482
-2,15.858285885131133,2.2873151294205414,-13.570970755710592,0.7207219842811119,-1.7610311842527953
8,15.82073345465114,0.0,-15.82073345465114,0.0,-2.2341872454101526
(HA2)200,15.27198099640438,0.12656961913732442,-15.145411377267056,0.12656961913732442,-2.7084722239292205
(HA2)206,14.93628372022901,0.5438846215959824,-14.392399098633028,0.40202800732212296,-2.0045788441213737
(HA2)202,14.922008867598603,0.543206060021326,-14.37880280757728,0.27932897000849094,-1.6055684282472784
(HA2)199,14.921114010686335,1.2957124375933475,-13.625401573092988,0.8014965138607462,-2.22954865635666
-8,14.881961407437009,0.7883153948590901,-14.093646012577919,0.7485379141073096,-1.9408016133151484
157,14.29228461327469,6.968085327757037,-7.324199285517652,1.3879491865334603,-1.8302226490854792
222,14.291402581964633,1.62380952667114,-12.66759305529349,0.6353393363086417,-1.4743155521675237
216,14.170487905252802,1.1890721766836239,-12.98141572856918,0.7255744334590475,-2.543284900834006
(HA2)183,13.922062179675125,0.40231377798267143,-13.519748401692455,0.24744697165978807,-1.7428702164410592
(HA2)181,13.780396133831523,1.397182023895399,-12.383214109936123,0.5586290244826466,-2.288969782668888
48,13.645726662126293,1.1190132767729615,-12.526713385353332,0.6560091309133509,-1.835276002200552
184,13.242465930685924,8.395817701493025,-4.846648229192897,5.299909429806299,-1.038603195515465
-16,13.187589955827773,1.1835100934169158,-12.004079862410858,0.46915690712277264,-2.5877183687281895
262,13.092599534389597,6.0892146657093855,-7.003384868680214,3.587258826081583,-1.7625751305640993
(HA2)32,13.071940972647822,0.9033468842232977,-12.168594088424523,0.45884315849803076,-1.9218670151741022
188,13.049052455841592,7.21237867883633,-5.836673777005263,3.2293178778853284,-2.3585163468082087
(HA2)195,12.924124284990024,6.017109592864773,-6.907014692125249,3.4426962802907,-1.5478757161977739
(HA2)71,12.828520704201443,6.835394527621722,-5.993126176579721,6.239024192764822,-0.9056622339674741
(HA2)212,12.773198044701926,1.4127606445206535,-11.360437400181272,0.6719854958736818,-1.5355401559289423
(HA2)207,12.69979320324876,1.3217496258815515,-11.37804357736721,0.6011018541109087,-1.6318392795285526
201,12.554971563071398,0.7102369378668342,-11.844734625204563,0.5978050110270121,-1.547166094974957
(HA2)203,12.541957053519154,1.8222877864736795,-10.719669267045473,0.8497305863078464,-2.3252942388062063
(HA2)180,12.420010825895208,2.5133507412034723,-9.906660084691735,0.7815460870881045,-1.5180955861053824
-15,12.40921275253066,2.2640402254918675,-10.145172527038795,0.6686593332277555,-1.7855510352586734
219,12.061832783382034,0.5956979248816473,-11.466134858500386,0.32451954254541704,-1.6259316162083919
(HA2)160,11.88932384544702,2.116385570888937,-9.772938274558083,1.328394653003458,-1.554150418454439
(HA2)179,11.88754860778992,0.5104318951161357,-11.377116712673784,0.5104318951161357,-2.485267011559028
50,11.759610911710867,2.5517236603718993,-9.207887251338967,1.5111638811380734,-1.4382908837158643
-7,11.711420975570029,1.398930108553105,-10.312490867016924,0.8395082117921051,-1.4708512963508094
(HA2)211,11.622743862484764,2.2856006140353617,-9.337143248449403,1.2405285638080534,-1.5913871409871962
(HA2)171,11.435055611609712,0.8544440428062194,-10.580611568803493,0.4820697637433867,-1.8946696680881927
224,11.393691552553765,4.252439576052022,-7.141251976501746,2.534820102192681,-1.5243010664855494
220,11.380998049758103,1.3642109154545228,-10.01678713430358,0.7038945921056462,-1.830640315771867
(HA2)47,11.365774199121791,0.5470766648026655,-10.818697534319126,0.23118807202241248,-2.330379694852646
45,11.233680944487723,1.4233594009416348,-9.810321543546088,0.5642842756698463,-1.540309081966636
261,11.232920714782225,2.2676616593264205,-8.965259055455805,1.2360112211124712,-1.9670662747537424
189,11.144344633720838,0.6743494102074628,-10.469995223513376,0.3554381987285273,-2.0159782176689873
(HA2)164,11.142154877727085,1.9452509295680236,-9.196903948159061,0.7937526714540961,-1.2868279759385595
(HA2)172,11.100771850709735,2.5154676647641097,-8.585304185945624,0.8295735122233192,-1.3306419056865333
193,11.083949825986375,5.963273236325369,-5.120676589661006,2.1381893540701236,-1.7028819008636047
(HA2)29,11.057376359366215,1.8947841419086369,-9.16259221745758,1.3740193784302603,-0.9497924125941584
(HA2)196,10.991393083866914,0.6549880915209676,-10.336404992345948,0.5021541664146227,-1.5915192763173251
(HA2)168,10.969696221570041,1.1303526663275125,-9.839343555242529,0.6032225834721339,-2.791403473800183
(HA2)38,10.968237932978122,2.0761068922978216,-8.892131040680301,1.204741938791996,-1.325421433378175
(HA2)147,10.921040218373777,1.3703307232355062,-9.550709495138271,0.5764546289891375,-2.428991808137192
217,10.87352551039367,2.3358770373365227,-8.537648473057146,1.1574848187501143,-1.2537349151804058
(HA2)198,10.863520165439494,1.6072205310107783,-9.256299634428716,0.8377341639175102,-1.4769910073114472
227,10.831827678374527,2.2171656135022064,-8.61466206487232,1.865046497988925,-2.579743838413469
208,10.796492064992997,2.4646656471961412,-8.331826417796854,0.8822808872555891,-1.734745974518466
(HA2)45,10.679506986162414,1.7377684367573205,-8.941738549405093,1.097191510772769,-1.1911730493039598
(HA2)80,10.643248270039583,7.9766124943113805,-2.6666357757282033,6.084291526767454,-0.8505527785346213
-6,10.605323123393521,2.725494243432749,-7.8798288799607725,0.8033411884663023,-1.1986374554674988
244,10.602399418851116,1.044986525849302,-9.557412893001812,0.7878680215093332,-2.1682265776954073
(HA2)218,10.502361962373143,0.738155688280913,-9.76420627409223,0.46540038311165444,-1.3227406363733833
(HA2)208,10.442191236070244,0.5579781516956437,-9.884213084374599,0.38035127934380913,-1.7137646738234362
(HA2)182,10.414210983094298,4.01263088996145,-6.40158009313285,1.1455058053219114,-1.2536151243346167
304,10.32702136253432,0.43080742241038117,-9.896213940123939,0.2620763479440823,-1.6051481340671439
328,10.310348022883552,1.2839209794361865,-9.026427043447363,0.645504007708519,-1.1815025490896234
(HA2)187,10.27129050724665,2.400854272868206,-7.870436234378442,1.0268079610190701,-1.1771983031575912
(HA2)82,10.260357653031624,1.5618475081222427,-8.698510144909381,0.9740330382903865,-1.6345617328781203
3,10.239025844125097,1.207595146927335,-9.031430697197763,0.662524124586848,-1.4350102404872058
(HA2)39,10.207659509463227,1.031154897747329,-9.176504611715899,0.5346100892642287,-1.359332768659444
6,10.157203377042372,1.508537729431675,-8.648665647610695,1.2338454578750238,-1.7415274512531398
(HA2)132,10.134980575814605,1.2665035387894552,-8.86847703702515,0.8463853240282382,-1.641975168239177
(HA2)161,10.119316853862967,3.2914182818784683,-6.827898571984498,0.7915472849012654,-1.910438548855048
121,10.118627331174824,1.3253638545708377,-8.793263476603986,0.7224484310974932,-1.573329258860562
9,10.073379295046108,0.8115907196023403,-9.261788575443767,0.5813520032021937,-1.510039212430227
94,10.05780974953647,1.7449631976418511,-8.31284655189462,0.7495492906190147,-1.479540074281788
5,10.050334451351523,2.4840116180191214,-7.566322833332402,0.9144990565530572,-1.7605153289043316
35,10.041822824360308,1.0149143009870294,-9.026908523373276,0.41416929745063535,-3.1775205775193154
25,9.900038083386248,2.6812416659430243,-7.218796417443223,0.7523626186359939,-1.3356612015249145
(HA2)216,9.884424210422019,2.6887926369109785,-7.195631573511041,0.8233520412727505,-1.9613086896095628
199,9.882898210017364,0.7765213167983895,-9.106376893218973,0.5527866075128176,-1.4425522935250779
(HA2)138,9.8748619471225,2.024853271159232,-7.85000867596327,0.9252126887354135,-2.397074890272862
215,9.864278412068717,2.5900440454019837,-7.274234366666733,0.999350151123585,-0.893673005205122
(HA2)143,9.838198687000103,0.8492619272675843,-8.98893675973252,0.39436421780539704,-1.7699184544803737
(HA2)178,9.790241820342557,0.06942817903228654,-9.72081364131027,0.06942817903228654,-2.3277312930145997
299,9.715702425414385,1.081203628751115,-8.634498796663271,0.5140581911607187,-1.2353456838079415
(HA2)18,9.6808116395069,1.3221504698576538,-8.358661169649245,0.8366961430216956,-1.6622981116907867
91,9.613118611626856,5.7006097989902935,-3.9125088126365606,3.42257609386401,-1.166548759532553
124,9.605824647403095,2.239904464859763,-7.365920182543332,1.4164729340785018,-1.2731332906931137
80,9.595170367120158,2.3100849611657592,-7.285085405954398,1.4978024669981258,-0.8737997202752629
79,9.52675791035514,7.9789333575196695,-1.5478245528354702,6.260015663497214,-0.6152184513685399
(HA2)158,9.492456497537047,1.4085089334099727,-8.083947564127074,0.5021745762678357,-1.3888863025772054
44,9.270766876629546,4.087180937919946,-5.183585938709599,1.3673601327214893,-1.3204375862907627
(HA2)113,9.254669358508956,0.7794969166459274,-8.475172441863027,0.4647901247943019,-1.6906152821156004
173,9.236674616782231,1.7083219730110029,-7.528352643771229,0.8473694765127525,-1.3371913921778957
(HA2)61,9.23302532356194,0.5324304522213734,-8.700594871340565,0.403645775198415,-1.0518646931214843
103,9.199436218911353,0.3253043118423713,-8.874131907068982,0.2706379810386879,-1.3384214736818658
(HA2)165,9.144176635303001,1.9846851702757073,-7.159491465027293,0.9907643840126663,-1.0423280254805298
(HA2)169,9.143240215666594,2.3652629864449595,-6.7779772292216345,1.0712877765643791,-1.3369708427176072
(HA2)150,9.096786275876493,2.2451468184936028,-6.851639457382892,0.8568114658349334,-1.227699851286729
(HA2)43,9.078185640631029,0.7354275122817997,-8.342758128349228,0.34753039913909733,-1.17387114705481
(HA2)205,8.965884003014981,0.9951236133877719,-7.970760389627211,0.5439743230527163,-1.0854017066722894
4,8.964602874911938,1.4628015517988862,-7.501801323113054,0.41887880813425754,-1.1728282027257244
156,8.918094470394976,6.178299246476815,-2.7397952239181596,1.3711306293392422,-0.834175016587992
(HA2)152,8.915300077162872,0.0,-8.915300077162872,0.0,-2.1780578168636113
-3,8.904920179589526,1.3340420248511171,-7.570878154738408,0.7517888068528238,-1.7879646303697068
(HA2)184,8.83169359272332,0.28438272863405906,-8.547310864089262,0.18587955902982056,-1.6194476663085557
(HA2)73,8.775910919098072,3.2061925170813357,-5.569718402016737,0.8888633442031233,-0.8925247646847566
78,8.748496620532256,1.8187440239114145,-6.929752596620841,0.661529203165519,-4.016361009056936
264,8.747376472984069,0.4246225171693959,-8.322753955814672,0.3195058663155482,-1.9204548207616123
(HA2)49,8.705428690621472,1.230711923909488,-7.474716766711985,0.798569069052286,-1.7430477303718377
(HA2)201,8.658366236769094,1.5466108918924526,-7.1117553448766415,0.6026765574556023,-1.5672561623057437
(HA2)197,8.64155343030593,0.5836228704264391,-8.057930559879491,0.2812934249744482,-0.991803043503153
(HA2)57,8.62781344660757,3.1370517871733035,-5.490761659434267,0.9297803751744067,-1.009523741336553
46,8.608875328213768,2.356144788161466,-6.252730540052304,0.5684735328551771,-1.369610364576744
(HA2)42,8.591897513131524,2.942220358230688,-5.649677154900836,1.136947528177809,-2.0535186342835146
(HA2)25,8.540340727974792,4.497731495271452,-4.042609232703339,1.5480098599102625,-1.2205581126215774
(HA2)140,8.530316106485149,0.5601839021252857,-7.970132204359862,0.306406366345971,-2.224196779691225
(HA2)27,8.508786061748646,0.962153766362427,-7.546632295386219,0.514923211104794,-1.7348743781609726
31,8.504114443707868,3.0416360135711997,-5.462478430136669,0.6520525195474292,-1.2426361035590403
-10,8.477273447259327,1.3330743059064463,-7.144199141352879,0.8315054349708325,-1.2410633696488462
75,8.457975961587886,0.5304103971548362,-7.927565564433049,0.26833327082024944,-1.4260660574169157
(HA2)151,8.455517275738371,0.7961214800464036,-7.659395795691967,0.23867217599277804,-2.6581472533807604
(HA2)204,8.44996997880799,0.796559632009006,-7.653410346798985,0.4740043543682762,-1.8405505883727658
226,8.42773669670462,0.18938079017442092,-8.238355906530199,0.18938079017442092,-1.615516129700834
(HA2)167,8.368601789972644,0.11095121134178826,-8.257650578630855,0.11095121134178826,-2.582434175151495
307,8.343081001749464,2.9584920537962094,-5.3845889479532545,1.4659120028870967,-1.0855025512488388
168,8.300362865610536,6.662468183126396,-1.6378946824841403,4.537270366201165,-0.49623382229593765
(HA2)153,8.259765300200623,0.0,-8.259765300200623,0.0,-1.0521249676634987
(HA2)159,8.256840125729328,1.913239945051392,-6.343600180677935,0.9977062945693664,-1.971762241949769
(HA2)15,8.254977054064469,0.9058171973787015,-7.349159856685767,0.38364143417121194,-1.413971266428824
(HA2)131,8.172699983384991,1.6403938757534484,-6.532306107631541,1.345193953132563,-2.192004276328932
187,8.163879377063905,1.8751242778317354,-6.288755099232168,0.8459097422531433,-0.8487451421907031
122,8.162818744702932,2.8959447297302954,-5.266874014972636,1.1833501870148948,-1.4001767340934865
1,8.121893798687642,0.6800335738947239,-7.441860224792918,0.46335578110119,-1.5730782177170168
312,8.100128534813443,1.8321365538361993,-6.267991980977244,0.9313040706564184,-1.168342341000003
(HA2)98,8.097030066962839,0.9707539105826802,-7.126276156380159,0.5183092410831497,-1.5667520311204193
158,8.076632401462497,0.0,-8.076632401462497,0.0,-2.0620405967461246
(HA2)40,8.063012045501113,1.4861824894400097,-6.576829556061105,1.0250056526523372,-2.183155806971782
-5,8.048143011760052,3.6837784483235496,-4.364364563436502,1.0424677525734598,-0.960181713620984
(HA2)141,7.982680144173819,0.3672991999431643,-7.615380944230654,0.3672991999431643,-1.5939225316945644
(HA2)157,7.982269413885283,0.37302954772670244,-7.609239866158579,0.37302954772670244,-1.875517529353003
280,7.981900449852402,1.5488439399125151,-6.433056509939887,0.4493141538907017,-1.0913123330613466
163,7.940582457016332,1.2794676064685508,-6.66111485054778,0.6635301836522265,-0.9599695483834277
63,7.9332368050138715,0.7021783204621493,-7.231058484551722,0.48591475975465515,-1.282895764709557
7,7.929644789545081,1.5397982826067327,-6.3898465069383485,0.6996964828395461,-0.967261525979589
(HA2)177,7.921207040584001,0.6838559424590518,-7.237351098124949,0.28062796667572165,-1.0207573199536066
279,7.899419311259171,0.6550518405315736,-7.244367470727598,0.2632858455639838,-1.4130815840970052
37,7.8770975497940805,0.9553684685511403,-6.9217290812429395,0.48325337538027585,-2.4318143946477497
22,7.8715247836930935,2.3572544402280844,-5.514270343465008,1.0413084514629602,-1.359720059011676
131,7.862875673417218,4.949598770416926,-2.9132769030002925,1.5508357916767048,-1.1627179395157103
(HA2)125,7.841231928768854,0.5021086792052645,-7.33912324956359,0.3084756135927013,-1.36842876805361
39,7.792791411254207,2.6721079945077815,-5.120683416746426,0.9934111038656034,-3.049200595834537
(HA2)116,7.74939573725406,1.9526036560596505,-5.79679208119441,0.6824681371959929,-0.9636553222378297
323,7.736665504861941,0.9167476990882268,-6.819917805773715,0.32392069216589564,-1.359925148052989
(HA2)34,7.728039225956882,1.0800585231771171,-6.647980702779765,0.73425738533369,-1.8187889624388716
-14,7.691902465300475,1.6564476239993884,-6.035454841301086,0.5256993848775007,-1.2667293548523317
32,7.666845395208848,2.487587631935481,-5.179257763273367,1.0421237500357943,-1.5408865779965617
(HA2)214,7.639526196270361,2.087726572153294,-5.551799624117066,0.5610963348258208,-0.7837171845710075
(HA2)99,7.56458446536043,0.8448677422885049,-6.719716723071925,0.6202656849043796,-1.499716918766263
(HA2)185,7.544713863766618,2.639097659209937,-4.90561620455668,0.9997300566954394,-0.8613981081060282
324,7.540073887343048,4.045179599782246,-3.494894287560803,1.1374780890027953,-0.9160729223767788
(HA2)55,7.520622017412546,0.6299898909745223,-6.890632126438025,0.37351787678264003,-2.589112862664643
(HA2)30,7.509885234463081,3.8008317635821016,-3.7090534708809777,1.9232894539087768,-0.9628858166094474
21,7.502662433381049,1.775745120622164,-5.726917312758884,0.7517759855341724,-1.0884978490718311
231,7.493389391331162,2.7677358114080954,-4.725653579923066,0.8009908115298413,-0.9864823159309577
276,7.474233327174301,2.4106444139872267,-5.063588913187073,2.0457270207483047,-0.8464162429381908
143,7.442803030221734,1.5582420081442176,-5.8845610220775155,0.644928444880938,-1.3967009982771277
142,7.424470743909021,1.1463408926424425,-6.278129851266579,0.4708575551182092,-1.8640068575812085
167,7.411907499802169,5.857782501187416,-1.554124998614752,2.7660786355625504,-0.7295415336071001
310,7.401599330381236,1.4094635219003924,-5.992135808480844,0.5823729798069937,-1.2202333598923265
106,7.367214153562105,2.1944761147337584,-5.172738038828347,0.9654134375273273,-1.2943782802376895
210,7.290779792948118,1.077283689879812,-6.213496103068307,0.8685211135264883,-1.0385673287329298
96,7.2851304377912,1.2674792237272507,-6.0176512140639495,1.247468337462462,-1.1435280130485146
(HA2)109,7.25591950128906,2.48566954685308,-4.770249954435979,1.1912847569548355,-1.0093992739402369
34,7.254434354466041,0.0,-7.254434354466041,0.0,-1.2412727671527644
211,7.205231696095121,2.447382743262411,-4.75784895283271,0.9351093420453523,-0.6800252286524985
207,7.190157531202245,2.743181517836226,-4.4469760133660206,1.0846908169616873,-1.0943381174275228
(HA2)136,7.182234499442938,2.933216855671566,-4.249017643771372,1.4180529625923892,-0.9504525093554864
(HA2)117,7.16765180231608,2.119186483384035,-5.0484653189320445,0.6861032000078163,-1.224190449239811
(HA2)166,7.166409160805462,0.7226357260011078,-6.4437734348043545,0.48473868509184814,-2.4209278093461544
325,7.163912030502107,0.9063191150290723,-6.257592915473035,0.26246296526463075,-1.2215032045098932
(HA2)70,7.153799868309846,2.5014298934802413,-4.652369974829605,0.9425874173854836,-0.7203894384393807
(HA2)174,7.152068880751482,3.5318989808483217,-3.620169899903161,0.7920987470871554,-1.5089380009936961
(HA2)127,7.145393796620658,4.125549627058956,-3.0198441695617024,0.8353079067243265,-1.3523136473571074
49,7.131850884569402,2.702293769079343,-4.429557115490058,0.8091427430965619,-1.2398317303821376
57,7.118667297559831,1.7225051721374989,-5.396162125422334,0.7143179565347892,-0.9597205603934682
(HA2)105,7.107597600480307,0.8389217121387695,-6.268675888341537,0.4666566744527154,-1.580760567681785
186,7.099339889948856,0.3026011501514545,-6.7967387397974015,0.3026011501514545,-2.398558788352168
(HA2)102,7.079763755136131,2.0981946216213805,-4.981569133514752,1.5126363528178481,-1.5988242768601812
(HA2)142,7.075121189066445,2.150324654917973,-4.924796534148472,0.7827611876438191,-2.2834817184932117
218,7.072829292756628,1.5411969828579453,-5.531632309898683,0.5667368203360201,-1.1894711437421843
(HA2)62,7.035180746870897,1.2328684528999643,-5.802312293970933,0.9129754625818648,-0.9181328181345157
(HA2)121,7.025948243014949,2.924579319339681,-4.1013689236752695,0.5957757348400616,-0.9484772135976197
73,7.006709645604987,3.526440847153955,-3.480268798451034,0.8480485343562119,-1.321538469515232
54,6.907073549105227,1.2619457452354754,-5.645127803869751,0.5822384521623487,-0.9688719019087686
(HA2)133,6.900890421981432,1.0017701298744814,-5.899120292106951,1.0017701298744814,-2.0879598800957613
268,6.898602768294375,2.30577813175195,-4.592824636542424,0.8048417640217398,-1.5777076005476331
258,6.8844482576745305,5.7418450812219515,-1.1426031764525797,1.0944134896137017,-0.5169924739287077
(HA2)209,6.80514651702567,0.8764846348637066,-5.928661882161963,0.8764846348637066,-1.0129232523701084
33,6.801330523025791,1.1859447403102075,-5.615385782715584,0.7139452585889112,-1.1406007729292365
62,6.800905731209916,1.439781480686012,-5.361124250523904,0.6775897541962326,-0.862315972183003
225,6.794865872173437,0.6396308601100681,-6.155235012063368,0.6396308601100681,-0.9110259084151563
53,6.771927834312949,0.3520025996581341,-6.419925234654816,0.2527838316007803,-1.6765717427719051
275,6.7681192430316885,0.13590448562943752,-6.6322147574022505,0.13590448562943752,-1.2616229585412688
278,6.751164935364855,0.6285680401306868,-6.122596895234168,0.6274507661766622,-1.7911022351340482
(HA2)146,6.738963100388678,0.9017459871566891,-5.837217113231989,0.4511460779317329,-1.5134717520111391
(HA2)58,6.6298576645854,2.8593904212917614,-3.7704672432936386,2.1188843001137925,-0.719258122727799
30,6.625258193718854,2.7641066116165383,-3.8611515821023166,1.2363207014658828,-0.8066428442163674
(HA2)120,6.621874506773308,2.151378650159141,-4.470495856614168,0.7836897446851481,-0.8548641235811774
(HA2)191,6.62028797625897,2.9708341468617885,-3.649453829397181,1.028029298406108,-1.188910150570852
98,6.611492986931183,2.6104452562432456,-4.0010477306879375,1.3334263766313872,-1.199366426595472
-9,6.588909882603043,0.7305068333695119,-5.858403049233531,0.3300529657190201,-0.6917554378351152
10,6.573673614348442,0.6850072058919301,-5.888666408456512,0.3894500151755324,-1.2416155701165965
(HA2)162,6.485687516932835,1.2693464529201866,-5.216341064012648,0.9437147289035145,-1.086771802648177
83,6.452138106575912,0.6261948269496116,-5.8259432796263,0.43693918238632107,-1.3216284145384087
(HA2)149,6.43986153874423,0.3034951452877326,-6.136366393456497,0.3034951452877326,-1.611177460469853
311,6.383294469843281,1.293033565946491,-5.09026090389679,1.079368796702279,-1.8187210333152448
209,6.364947226927735,2.2276866743583366,-4.137260552569397,0.9343529557118045,-0.8724394170187648
144,6.328086458665059,0.08251603769314296,-6.245570420971915,0.041800676027918,-1.7128365967365502
(HA2)135,6.310355709201579,1.2634175383150679,-5.046938170886511,0.695230552737947,-1.2987409076250147
327,6.248549740466635,1.6539416770788078,-4.5946080633878275,0.5065505001027347,-0.9517506361526278
(HA2)101,6.2475589388768435,0.6951142175413123,-5.55244472133553,0.3687241941183007,-1.501673917807093
161,6.22514266578683,0.31241968265179865,-5.912722983135032,0.1810961517394624,-0.8189038482605376
260,6.188050395270759,0.3798460882062898,-5.80820430706447,0.3798460882062898,-1.663343238958974
132,6.181657785817431,2.2693065237036185,-3.9123512621138143,0.8477426315209815,-1.5136714656014585
290,6.140325186416531,2.508645829538589,-3.631679356877942,0.8701592619301561,-0.993633063088978
212,6.132344033960099,1.1933166370520016,-4.939027396908099,0.88312844702969,-0.9284969379958968
(HA2)219,6.1292176821232145,2.333253971423427,-3.7959637106997883,0.6777740927938689,-1.6718600509910195
236,6.126400067878411,2.043770630753725,-4.082629437124686,0.9997447740772737,-0.7462621429497805
47,6.099148361309574,1.4450954404707643,-4.654052920838809,1.0418916675277472,-1.7997786020653403
135,6.087523516149477,0.8047186226495179,-5.282804893499961,0.4901311391910119,-1.0867427662086573
(HA2)53,6.081098397677751,1.155117737028666,-4.925980660649085,0.7833622203807755,-1.036805496888422
166,6.078165367220484,1.2328063391638306,-4.845359028056653,0.5746630383945261,-1.3416616328588238
(HA2)91,6.073516569640081,1.6242869902200576,-4.449229579420023,0.6054889382374299,-0.9358605634857408
(HA2)10,6.0718483102058585,1.0750902888194651,-4.996758021386394,0.6672434009968007,-1.220563995579094
(HA2)78,6.046215837347646,3.1401686310756447,-2.9060472062720013,1.018472089065885,-0.7460608194776266
(HA2)124,6.032672548982566,0.5866768919575597,-5.445995657025006,0.26853058387695833,-0.8301566097484437
(HA2)89,6.030624751838072,0.4865082092738133,-5.544116542564259,0.2661138962738514,-1.4744583055798606
(HA2)106,6.02057705378491,2.4391564616399055,-3.581420592145005,0.6565431790060298,-1.0952540988967503
(HA2)155,5.968889927767713,0.8083604538096366,-5.160529473958077,0.6349037466443823,-1.1692445240157059
259,5.919693147776396,0.6468642515337049,-5.272828896242691,0.3095050541795698,-0.9710347062016856
292,5.919640278178896,1.7059305862290892,-4.2137096919498065,0.89883126242626,-0.8906141480379713
326,5.9155771222770355,2.0015220774929956,-3.91405504478404,0.6468306217774367,-0.6440511743536899
242,5.912225867509528,2.3210354079180813,-3.591190459591447,0.6455836706043128,-1.4885825408539657
(HA2)154,5.900339766333016,2.823462456723404,-3.0768773096096105,1.3227779402640787,-0.7057203208288894
(HA2)69,5.842263845633459,2.1764525896114244,-3.6658112560220353,1.0465879868714574,-0.7380461217222646
(HA2)35,5.8365678404318935,2.106289876008704,-3.7302779644231894,0.8077451142991434,-1.0440278513323455
(HA2)12,5.834618244309902,0.8922531941550367,-4.942365050154866,0.6294695507603575,-0.7924899291240098
289,5.834164975588351,0.24426504164766885,-5.589899933940682,0.24426504164766885,-1.059994005440214
298,5.801135081692887,0.4706933393345529,-5.3304417423583335,0.4706933393345529,-0.9591275600490613
300,5.797921777887436,2.6435099615105857,-3.154411816376851,0.7797155834829029,-0.4840905046506634
247,5.787666891792966,2.14943903739938,-3.6382278543935858,0.7543138894375196,-0.7627019889949765
(HA2)130,5.781411615869408,0.188080936347968,-5.59333067952144,0.188080936347968,-1.0742057448507414
40,5.779951462332645,0.8048104491545094,-4.975141013178136,0.48506009774654324,-0.7772190692777001
-13,5.7431258819555975,0.29814905044921847,-5.444976831506379,0.18313453299608873,-1.063939210866044
318,5.734001642990267,3.5615516651199,-2.1724499778703663,1.0447365583778154,-1.0848573405222521
2,5.728427876569953,1.3287921177564297,-4.399635758813523,0.40971069007009037,-1.1090684361955816
(HA2)186,5.705648122669591,0.8062080472897399,-4.899440075379851,0.3951431405425022,-1.1817910885091794
(HA2)46,5.698847347134536,0.8800075624264065,-4.818839784708128,0.36280806602612,-0.9390217481969363
107,5.69635290871025,2.9529983505344424,-2.743354558175808,0.931007325979484,-0.7269531382149861
138,5.691365370721449,2.5234440624489713,-3.1679213082724784,1.0519701081905883,-0.8183428848060856
(HA2)19,5.687539234093558,1.3171604605616518,-4.370378773531907,0.5849395812262539,-0.7313524240112435
(HA2)95,5.683915314865576,1.405519017736421,-4.278396297129155,0.9899310939959707,-1.0130605596989355
24,5.677272024456029,1.6065357523056571,-4.070736272150372,1.1189578154173547,-0.6791559657529733
(HA2)210,5.653672264970803,1.1788030206072424,-4.4748692443635605,0.5795135395665025,-1.0480559893119228
28,5.6441108142371865,3.872676649487972,-1.7714341647492147,0.7900392859560197,-1.3974448321783703
(HA2)79,5.636476010074045,2.5358423653652324,-3.1006336447088123,0.7838755870500307,-1.0710726960517294
200,5.602481474644177,4.108136591358092,-1.4943448832860862,1.2055305817483932,-0.2934439012068427
(HA2)44,5.601082094276815,1.75796837674549,-3.843113717531326,0.677862094967645,-1.857051047755136
291,5.59605225376163,1.4854002875437748,-4.110651966217856,0.6411211163874321,-0.9493254179380853
(HA2)56,5.577209770586884,2.046530924570755,-3.5306788460161287,1.0252612880990086,-0.7706036292289843
(HA2)94,5.568155245493905,0.36876946444043157,-5.199385781053473,0.36876946444043157,-0.9860238046167351
213,5.56031705676537,0.928737079357449,-4.63157997740792,0.6202159830602336,-0.995734867401999
301,5.558462302806569,0.37823340467630095,-5.180228898130267,0.2226821412528798,-1.9730359660717416
(HA2)111,5.552216412687477,3.6082385527959966,-1.943977859891479,1.665804739741391,-0.6843605221118971
(HA2)5,5.5506491399633315,0.9664542299968832,-4.584194909966449,0.497488921546621,-1.179308334269414
-11,5.539399091859011,1.337390181866274,-4.202008909992737,0.6068340990734802,-1.2357919749400001
(HA2)59,5.517107705596653,0.5767460530034912,-4.940361652593162,0.357514214607682,-1.0653498449337295
(HA2)84,5.472767489782573,2.2123295914889725,-3.260437898293601,1.2661520019820767,-0.9189526591013878
(HA2)60,5.442727073137357,1.9241778291776805,-3.518549243959678,0.9577961875818066,-1.0640900014956172
126,5.440684326023355,3.3672622223948014,-2.0734221036285527,1.0504531668576662,-0.6106121571683965
282,5.437247258188646,1.9193483461817165,-3.5178989120069306,0.797201349578627,-1.3002480640445067
88,5.425557955518957,0.21220943032356163,-5.2133485251953955,0.21220943032356163,-1.1637080694403166
(HA2)83,5.425279154657263,4.0777148761393445,-1.347564278517917,1.442910975114845,-0.3035323818830806
251,5.412982762213649,1.4619032843640811,-3.9510794778495675,0.7557772018774805,-1.5683921909890828
(HA2)76,5.408007995194697,3.1746569043215738,-2.2333510908731236,0.8811296990401538,-0.609338030712609
(HA2)64,5.37076377431665,2.551756922625674,-2.8190068516909763,1.1399490427170615,-0.9343611022231242
36,5.369949210319957,0.7398880658243375,-4.63006114449562,0.4229607512069056,-0.9548564673565014
266,5.360557649172379,0.7935130404400066,-4.567044608732372,0.5565147766576133,-1.1168502713866777
81,5.341313039381083,0.0,-5.341313039381083,0.0,-1.0291549559874065
69,5.329805686998767,3.5622761626390154,-1.7675295243597506,1.8703754524751097,-0.29534914414821706
(HA2)129,5.316889794257487,0.5820838807139339,-4.7348059135435525,0.5820838807139339,-0.7574019068287141
(HA2)4,5.314928256025891,2.900365949934317,-2.414562306091574,0.8426491249452883,-0.5424679164625821
(HA2)170,5.302346728006603,1.1707509806923377,-4.1315957473142655,1.1707509806923377,-2.2205749578401144
198,5.275818494289659,1.4192845391271072,-3.856533955162553,0.9340273987358316,-1.3803380942059318
234,5.254103263483417,2.1995424691166106,-3.054560794366808,1.2627680392318523,-0.5469755107547594
29,5.234972257774705,1.6159143399103466,-3.619057917864358,1.1372184476512028,-1.6078588678931798
(HA2)128,5.19396930544281,0.9136232404535154,-4.280346064989295,0.6401559117906508,-0.7891987593301146
-4,5.184691773696718,1.3270756444135476,-3.857616129283169,0.6519688044920571,-1.0638411579802287
(HA2)88,5.182489093157302,1.3804333069397654,-3.8020557862175366,0.48840230440904,-0.609404757173406
15,5.177962766450536,3.8093938724098444,-1.3685688940406922,1.2166200831551386,-0.5990665827139297
101,5.176797073049283,1.2570728731999488,-3.9197241998493326,0.81236555632818,-1.1239600529237963
(HA2)75,5.1764090841879185,1.666862706035154,-3.509546378152764,0.7905451957621558,-0.5717728701828277
(HA2)86,5.168185181758396,1.089024559765417,-4.079160621992979,0.7250827950752601,-0.7875698069239333
315,5.156312733710792,0.6557632751451961,-4.5005494585655965,0.5848945573137057,-0.998141220150478
(HA2)20,5.152862928390038,2.5604124271083437,-2.5924505012816934,1.2857101650699416,-0.6318375149839464
(HA2)16,5.149674512935885,1.6804627895597086,-3.4692117233761754,0.5850819089147127,-0.8464287357680195
(HA2)77,5.149563868621587,0.0,-5.149563868621587,0.0,-0.7699441548584981
164,5.1495169854792096,1.173831322239473,-3.975685663239737,0.620687787865956,-0.7610766887381468
82,5.146729536476778,1.5860305071295313,-3.5606990293472465,0.7702448900461769,-1.033463995864192
(HA2)81,5.111478261749381,2.1886706598810326,-2.9228076018683486,0.7907319328380306,-0.9345427971875104
(HA2)114,5.0774215851527575,1.5502257480073638,-3.5271958371453955,0.6960412811351617,-0.8224628161628108
191,5.060780626142077,2.8398043241501982,-2.22097630199188,0.7222433929599503,-0.6795225767486992
(HA2)11,5.05223876983802,1.8269526222500299,-3.225286147587989,1.3051462714382873,-0.7358366623034089
(HA2)173,5.044400244158868,0.5558110684791397,-4.488589175679728,0.5558110684791397,-1.6488126876321196
(HA2)156,5.039692797373049,0.669856220490876,-4.369836576882173,0.32363786707787107,-0.5596653563120868
(HA2)17,4.985585951954726,2.0038981379554524,-2.981687813999274,0.9080256021437076,-0.7789829942777742
67,4.967827917428014,0.21647036825471722,-4.751357549173297,0.21647036825471722,-1.321667921398166
(HA2)72,4.964750598506745,1.0024036190285202,-3.962346979478225,0.5529712210217649,-1.1726512840509402
273,4.953201982385486,1.9752511682316116,-2.9779508141538735,0.650924656069418,-0.8462999845097298
136,4.86782872695126,1.3338253802414044,-3.5340033467098553,0.6952972045705641,-1.6314465917830252
128,4.848412026453908,1.5930566142635862,-3.2553554121903217,0.6268054564692906,-0.819789285234648
269,4.821091193206733,0.650099044124,-4.170992149082734,0.46441936039054726,-0.6064194737492523
(HA2)137,4.807377557781651,0.0,-4.807377557781651,0.0,-2.6538196119660413
(HA2)37,4.798795436840935,1.2340024966600909,-3.5647929401808427,1.0186645500919507,-1.4261100218489724
(HA2)110,4.77097017338367,0.7785890332278038,-3.9923811401558664,0.5073161432688262,-0.824804225697213
229,4.749465920226785,0.0,-4.749465920226785,0.0,-0.8496130032533468
86,4.745849871987076,2.74351398262722,-2.0023358893598555,1.0408752556060126,-0.8175809738732814
(HA2)67,4.7421045842727745,0.27681259205544145,-4.465291992217333,0.27681259205544145,-1.3203129295558331
314,4.707500940589002,3.049963427443056,-1.6575375131459453,1.5839009525281023,-0.4844142722318747
(HA2)51,4.7013260705805,0.8499121199914152,-3.851413950589084,0.7313090637253818,-1.0582624985825753
(HA2)6,4.699282389230167,2.4507310967972407,-2.2485512924329267,1.3490021544671702,-0.8061183589344061
111,4.6784829765714075,2.9362038510977904,-1.7422791254736183,0.9820356568245645,-0.8111513351792969
223,4.660454496412222,2.1284120626654923,-2.53204243374673,1.0323590694480183,-0.5795540468342213
-1,4.659326300451761,0.13774040995325473,-4.521585890498507,0.13774040995325473,-1.3724430123297497
(HA2)54,4.643233128303897,1.52394679543659,-3.119286332867306,0.6901077967687747,-0.8104402917194306
95,4.640762413579403,0.8265130794000887,-3.8142493341793138,0.6604232572163511,-1.112701717036962
137,4.611493247378372,1.1430681035054624,-3.4684251438729095,0.8963463620161317,-0.5665611863732205
194,4.590714537336802,2.342507414848496,-2.2482071224883047,1.0742691457207196,-1.090383796632133
252,4.586889899523709,1.058455988941619,-3.5284339105820894,0.5732117507209874,-0.8096303742609174
(HA2)100,4.5705114098336415,1.2084522798262942,-3.362059130007348,0.7316128622886945,-0.7557956345817939
133,4.560258640251125,1.1933468922059214,-3.3669117480452035,0.48521432520841645,-0.9594694897852684
(HA2)92,4.559962937842758,0.33602212157800115,-4.223940816264756,0.33602212157800115,-0.648265412525823
(HA2)48,4.552327355655672,2.166226567182884,-2.3861007884727883,0.6779664475734439,-1.0908121554110077
165,4.543420270140812,0.8914944446172036,-3.651925825523608,0.500177754237281,-0.8185853935475752
(HA2)65,4.522055303646395,1.2560923084672195,-3.2659629951791764,0.556321798662364,-0.9783371617169975
17,4.519399198918592,2.9235909049959754,-1.595808293922616,0.9534733362862419,-0.42264059878687493
(HA2)90,4.519110858051431,1.217054648723415,-3.3020562093280157,0.8594400113990774,-1.2250503302993765
(HA2)52,4.5135216456172005,1.4491948447345684,-3.0643268008826325,0.9429372389488726,-0.8576289793322678
(HA2)26,4.501411871785829,1.3240484432862303,-3.1773634284996004,0.6474564043154432,-1.0849791107035358
305,4.486098914977236,2.212852958914054,-2.2732459560631826,1.0114683238833655,-0.7572310784494064
27,4.460345945671621,0.7567492592579786,-3.703596686413642,0.5680567045978991,-0.9664770545725122
250,4.438779713383438,0.9849167275653763,-3.4538629858180605,0.5541411857394392,-0.9257007390250407
302,4.426503079232476,0.7653332424430745,-3.6611698367894,0.584999404116468,-0.7355831591994997
182,4.368784338860187,0.5415706960487858,-3.827213642811401,0.5415706960487858,-1.2394095717432658
317,4.366261123101545,1.2159477638101663,-3.150313359291378,0.9318187055354832,-1.0481008587594003
68,4.357941207480602,1.3930691187213222,-2.964872088759279,0.6366395499030055,-0.8624497513983649
(HA2)221,4.318978103616888,0.27907427239996735,-4.03990383121692,0.27907427239996735,-1.5569040525516213
26,4.301167257617469,1.502498740778,-2.798668516839469,1.1369695412794139,-1.5767291493795834
(HA2)217,4.299263268439512,1.257051411417087,-3.0422118570224246,0.739717711078917,-0.9411283805290991
238,4.294213783548391,0.5492154986909485,-3.7449982848574423,0.39129912837242664,-0.9662423452117563
297,4.259864548054201,0.7476603093132059,-3.512204238740994,0.485026365324827,-0.9902541154290675
248,4.2577543382192555,3.466207645241202,-0.7915466929780546,1.5208357582469119,-0.38005799955249925
118,4.25421626693428,3.881078660966513,-0.37313760596776685,1.2813343002381479,-0.2764447411683683
140,4.23841319293289,1.2813239558925662,-2.9570892370403232,0.6463170678553027,-0.7281708405609832
(HA2)87,4.223536477576005,0.8346139392553658,-3.3889225383206396,0.4000603206992272,-0.6897737599182049
148,4.2108140129834855,1.7223749112793696,-2.4884391017041163,0.8047656480351997,-0.5707008294522475
203,4.15878295898979,1.4960047573250956,-2.662778201664695,0.8952468842018313,-0.6403104355936688
(HA2)134,4.157787693097903,0.37535420900139227,-3.782433484096511,0.37535420900139227,-1.569989497997926
(HA2)194,4.139673974070297,0.5672024554069174,-3.5724715186633786,0.5161603586760634,-0.9329161153632934
71,4.137112362912207,1.9619760274769595,-2.175136335435247,1.1375258858594999,-0.7491329070007628
(HA2)163,4.136290186000978,1.1371719106093936,-2.999118275391585,0.3756670984757169,-0.920701477215961
274,4.134196890309167,2.827062127501754,-1.3071347628074135,0.7552918446739765,-1.0448089322501501
-12,4.101872393550325,0.6778081579658737,-3.4240642355844515,0.6778081579658737,-0.494292177637238
38,4.084723621091625,1.818914445638068,-2.265809175453557,0.5826548381905807,-0.4353508862822655
(HA2)3,4.082992877475212,2.0335590669405867,-2.0494338105346253,0.7550057867125526,-0.5149541796182824
(HA2)122,4.081622786425396,0.4597682719712187,-3.621854514454177,0.4597682719712187,-0.7921049386697612
205,4.079844030787295,0.8435026974473012,-3.2363413333399933,0.8435026974473012,-1.6361749056353392
70,4.0591119963449955,0.07851783744844731,-3.9805941588965483,0.07851783744844731,-1.1545292016521131
18,4.0326412886409395,1.7185050593250464,-2.3141362293158925,0.6891902454334862,-0.5620839324268485
228,4.021185095800313,1.1034196325204666,-2.917765463279846,1.1034196325204666,-0.8147001467025635
263,4.014817826369438,1.473983702842764,-2.5408341235266736,0.5539562684036214,-0.7877541380558198
(HA2)176,3.987067759951903,0.4076776087433159,-3.579390151208587,0.4076776087433159,-1.2049346874841351
288,3.9846278093477796,0.9697253668611664,-3.014902442486613,0.9697253668611664,-0.7917760564816054
(HA2)107,3.9749579041737864,1.3766683817853687,-2.5982895223884173,0.7354320407287126,-0.6451379463386422
129,3.9749577923430066,0.8435333277054251,-3.1314244646375813,0.6778709856895653,-1.0290773643531665
51,3.9495032655551205,1.0578945492355483,-2.8916087163195727,0.49400468981756773,-1.110148075892767
221,3.939138925449484,0.16773674251385126,-3.7714021829356326,0.16773674251385126,-1.53410516493571
59,3.9318293641258353,0.27805507291421117,-3.653774291211624,0.2166235551090142,-1.07696781704503
149,3.9260797212809018,1.377048313606002,-2.5490314076748994,1.013134743862219,-0.6364446773201906
56,3.925223799870926,1.28863728847336,-2.6365865113975655,0.5048231987311156,-1.019742143611388
171,3.9160947704945706,2.0937617295654682,-1.8223330409291025,0.7249584269385336,-0.3013586863140636
233,3.9029059247144526,2.60164648220332,-1.3012594425111326,1.1376801841183795,-0.29370948484598564
(HA2)220,3.9026920673108774,0.046608467585743336,-3.856083599725134,0.046608467585743336,-0.7130938027691474
60,3.9024331687498326,0.4397365951005073,-3.462696573649325,0.3899370988156202,-0.8627070073998775
(HA2)123,3.8905629740632857,1.5560710752330025,-2.334491898830283,1.0242995748701818,-0.788648885014177
(HA2)215,3.8903117286590327,0.7468527115697547,-3.1434590170892784,0.568214964357256,-1.7596494682088297
(HA2)66,3.88471809026475,2.3754644566624115,-1.5092536336023379,0.6825448584573258,-0.5239405106462439
287,3.8763836477837326,2.644559220928887,-1.231824426854846,1.672952213888236,-0.41955947253165354
151,3.8603275641507286,1.9434062192704875,-1.9169213448802414,1.4854671388453526,-0.7430560303809893
105,3.839344153112437,1.692069372380712,-2.147274780731725,1.3784738968513777,-0.5936591540283921
(HA2)50,3.831059687075651,1.0569199428726779,-2.7741397442029734,0.3183529981072618,-0.6287358147905281
147,3.8267993844854438,1.9531432484636977,-1.873656136021746,1.0000199065062616,-1.1235460424443031
123,3.797115057705091,0.6423115522315408,-3.1548035054735504,0.6423115522315408,-1.376981668404642
319,3.7921759292507473,1.3645993019545464,-2.4275766272962005,0.9999065297953869,-0.8459689912657435
232,3.781259186640894,0.126296569375562,-3.654962617265332,0.06622705093444876,-1.039996833742916
(HA2)68,3.7591477131619033,2.024291925854407,-1.7348557873074963,0.8879927908028228,-0.4059690145357352
(HA2)13,3.7503701229093833,1.143433959731628,-2.6069361631777554,0.6779047057516232,-1.0128438298613633
(HA2)148,3.7432481444309165,1.030194192900547,-2.71305395153037,0.7397167061407111,-1.1794645366766507
19,3.737129494120925,0.5548544996452895,-3.1822749944756357,0.5548544996452895,-0.9208322593361309
(HA2)41,3.7332960300101643,1.1914769109284815,-2.5418191190816835,0.5523679424767112,-0.5705243446423094
64,3.730932521710864,1.6819924737347745,-2.0489400479760898,1.1705300508304153,-0.8800199930954835
(HA2)21,3.7204376981141607,2.6428992975236247,-1.0775384005905364,1.4924856864198146,-0.41369720032486385
172,3.712427985524467,1.4794099734092743,-2.2330180121151924,0.6464355341210034,-0.8742824811278562
320,3.6703763608093256,2.476674342624599,-1.193702018184727,0.8148158952801562,-0.19078879968179635
(HA2)28,3.646681667912762,1.1009493173702212,-2.5457323505425413,0.5851600800163557,-0.4842107626461346
134,3.6378192083476923,3.258265361122745,-0.379553847224948,0.9477858572406159,-0.18693444574694146
285,3.6327001773197574,2.059042455368807,-1.5736577219509507,0.6679231390353235,-0.6219223568202499
110,3.6307632934911216,0.5573638227236657,-3.0733994707674555,0.48523495794622107,-1.2560073587515443
(HA2)24,3.6147846719196886,1.0270607940809093,-2.5877238778387794,0.5849685649276327,-1.135377616515224
(HA2)36,3.6139069466112663,1.798802372342213,-1.815104574269053,0.5658266004188055,-1.0475530460053637
(HA2)112,3.6102078943609417,1.8432836751540171,-1.7669242192069246,0.5657204752191927,-0.40124704755877
115,3.602639767922726,0.7293985095836466,-2.87324125833908,0.3884394834794134,-0.760296907436723
(HA2)63,3.5452833517542017,0.8233309495513943,-2.7219524022028074,0.4587074346645352,-0.6339435801552364
272,3.52745783945082,2.088062918573231,-1.439394920877589,0.8480857597206368,-0.3608064638192533
43,3.526464840066792,1.5830918001806422,-1.9433730398861497,1.0968111722590066,-0.5443981116061447
(HA2)2,3.5230745067374114,0.8873933792109687,-2.6356811275264427,0.48508275815905144,-1.1734321579878169
20,3.5102009578281184,0.8592729378294489,-2.6509280199986693,0.3889425398299259,-1.12274115593832
(HA2)31,3.5046283750619813,0.0,-3.5046283750619813,0.0,-1.0221746219508119
303,3.497923654943718,0.6537370014108383,-2.844186653532879,0.3569681876081016,-0.5800078385288134
267,3.493344285580782,0.17135686010325726,-3.3219874254775252,0.15507752721874657,-0.4994892935894034
104,3.4764077162890166,1.0702524950187722,-2.4061552212702444,0.5692448448116381,-1.0763083962017648
139,3.4247173504673083,1.0140229824627736,-2.4106943680045347,0.7510892432607881,-0.504150000659511
230,3.4230121854258084,0.6460561443710552,-2.776956041054753,0.3867403742592935,-0.6053829968933313
55,3.4227210507543737,1.84059303143389,-1.5821280193204832,0.9532538307454531,-0.8068220823126299
190,3.4111304653013685,1.642061688516189,-1.7690687767851805,0.9350280409561922,-0.6474107636169607
41,3.409657146377433,1.583125466823871,-1.826531679553561,0.8950498171083465,-0.5438652494535263
296,3.3756551099014707,0.5606264233657128,-2.815028686535758,0.33773702460052324,-0.9479041163339557
117,3.3660801778602156,0.16592400484703573,-3.2001561730131804,0.16592400484703573,-0.716872655421581
177,3.362289473894138,0.0,-3.362289473894138,0.0,-1.5159282807967562
277,3.355492862756276,0.9961690252807737,-2.3593238374755026,0.7633333502363171,-0.8984716900658977
179,3.3553229692117394,0.4852431560074005,-2.870079813204339,0.4852431560074005,-0.7459996048521251
(HA2)96,3.3488418826718864,0.08601614676934627,-3.2628257359025405,0.08601614676934627,-0.9795894978462898
145,3.3373251257552594,0.6419076241415131,-2.695417501613746,0.6419076241415131,-0.9276911747455634
170,3.332847143449287,0.19907758283144636,-3.13376956061784,0.19907758283144636,-0.9793009955306883
329,3.3151537227576626,1.405638222725281,-1.909515500032381,0.754301805358798,-1.0976436133634633
93,3.308214451663294,1.6330603456846362,-1.6751541059786572,0.9482242933477141,-0.6398458624017007
308,3.298348673110744,1.0329516970313128,-2.2653969760794306,0.5866852415601405,-0.5239661994476649
120,3.2975562235832085,1.1369955573071622,-2.1605606662760457,0.8479453299517516,-0.4965321074726087
(HA2)144,3.2678566162358487,1.113424320413554,-2.1544322958222946,0.8307748610416643,-0.5975803622924087
(HA2)14,3.2644102233351617,1.3789200903446328,-1.8854901329905287,1.3785570084860523,-0.41404568835211397
150,3.262091426046692,2.169520935274827,-1.0925704907718647,1.4134078180154068,-0.3531215983712184
239,3.2464848119674294,2.1247085111252235,-1.121776300842206,0.770317402571293,-0.20206546671305844
175,3.2417183997672745,1.591999389020938,-1.6497190107463366,0.5574080768696577,-0.46064380938115346
114,3.233345422102869,1.8910951304811012,-1.3422502916217676,0.9473403800293978,-0.7822630294725074
309,3.223189478703923,1.4505412244953468,-1.7726482542085769,0.6780222656583852,-0.48482541690363823
265,3.2170696532416083,1.6193794962601304,-1.597690156981478,1.618464788681559,-0.6795454568010691
(HA2)1,3.2168207837328873,1.5166661027594985,-1.7001546809733885,0.6781220972689128,-0.5067749777680357
185,3.19484088630766,0.37450382011687255,-2.820337066190788,0.22139960405355055,-0.8255314256386354
119,3.150426191692383,0.7271409501389297,-2.423285241553453,0.7271409501389297,-0.7559313369257044
155,3.1320672966565186,1.0049050420585872,-2.1271622545979314,0.4710835081851378,-0.6778858131066658
270,3.094422645608926,0.0,-3.094422645608926,0.0,-0.9426842000681759
(HA2)213,3.0863253145878087,0.3238183862344823,-2.762506928353327,0.3238183862344823,-1.0466577982637757
237,3.0786533586290528,0.752284385728231,-2.3263689729008217,0.594057953106705,-0.6606769343929297
77,3.075251310735642,1.1365213610555556,-1.9387299496800867,1.01971785253693,-1.062999511585663
14,3.0750974627102075,0.0,-3.0750974627102075,0.0,-0.8928475685725403
(HA2)23,3.0748268636559972,1.0751540943085327,-1.9996727693474634,1.0014594090283995,-0.4465114333999589
202,3.071144705363263,0.0,-3.071144705363263,0.0,-1.2965320812991794
243,3.049238763386845,1.9758757636252917,-1.073362999761553,0.6781619932622401,-0.4606426650795784
109,3.0453302007737917,2.1562278537764015,-0.8891023469973909,1.185138474822924,-0.50230619104911
313,3.030185231856956,0.3006046469572124,-2.729580584899743,0.3006046469572124,-0.7546138983944322
12,3.0174180756062103,0.3812180470426505,-2.63620002856356,0.3812180470426505,-0.730090070947712
130,3.001198797201078,1.139873468665215,-1.8613253285358637,0.7512217740249616,-0.6853738798017704
102,2.9851006289426927,0.13145447952705494,-2.8536461494156375,0.13145447952705494,-0.7941737865185886
(HA2)85,2.9646480425653285,0.8331035564394278,-2.1315444861259008,0.4002426271680272,-0.3133732000846542
141,2.950711884022598,0.7753731094183848,-2.175338774604213,0.7753731094183848,-1.1169860163915986
(HA2)193,2.9327111539132327,1.2385363341492404,-1.6941748197639923,0.46652076642786666,-0.4386026803785917
(HA2)118,2.9059948574910104,1.6741369375942263,-1.2318579198967843,0.8827218648275904,-0.3135679569368215
176,2.8932645904305154,1.458563856980414,-1.4347007334501012,0.895369167250904,-0.4605974136229149
127,2.8889981703179908,0.49015693058778326,-2.3988412397302077,0.49015693058778326,-0.40016454496405607
245,2.8254130162511952,0.4616948017125876,-2.3637182145386078,0.4616948017125876,-0.7470465095583443
322,2.75611450208974,0.3052660031916087,-2.4508484988981314,0.3052660031916087,-0.5713080492252509
100,2.7380641607947536,0.5897044632402306,-2.1483596975545223,0.37716286678027505,-0.42973297591963217
174,2.72011143774572,0.6672113433307458,-2.052900094414974,0.38421509622824185,-0.6801468088372993
183,2.716636158475455,1.2683370106733278,-1.4482991478021274,1.0679315036077721,-0.7614895457884401
(HA2)108,2.7083579636714203,0.7502313492544554,-1.9581266144169653,0.5337430042795528,-0.5159408603954181
42,2.7026195468551752,1.4218962494479501,-1.2807232974072247,0.8160226520895904,-0.34760494737720987
235,2.7007817770379825,0.515972381227717,-2.1848093958102655,0.515972381227717,-0.4745676557528627
(HA2)192,2.688452478142119,0.9491419119429554,-1.7393105661991637,0.5140540401886236,-1.6808005844103902
316,2.6823724501457744,0.6998568307648227,-1.982515619380951,0.39227491835396455,-0.7282199822434023
294,2.6444389084660127,0.8444640568459989,-1.7999748516200145,0.5815045298092116,-0.48448653690939925
85,2.635972707156353,0.6893144098215223,-1.9466582973348305,0.5501866232594366,-0.27480387432049996
113,2.6303365912229837,0.0,-2.6303365912229837,0.0,-0.9812403414936117
283,2.627813895434856,1.6417991825098306,-0.9860147129250257,0.797493569305226,-0.615028025335481
(HA2)97,2.6226343596351045,0.47828904984831,-2.1443453097867944,0.31830131331366823,-0.3597705917989694
271,2.613379746356914,0.5850648909831746,-2.02831485537374,0.5850648909831746,-1.1783600480033032
169,2.6103681210189382,0.9295008900649376,-1.680867230954001,0.6780348473883953,-0.5022546399997017
152,2.6090784667456677,1.290130892863727,-1.3189475738819414,0.8480165627471801,-0.42982011245810076
65,2.603622790509,0.6554710136170994,-1.9481517768919003,0.4010096450885542,-0.4952110996132925
(HA2)93,2.599750453218836,0.0,-2.599750453218836,0.0,-0.5322933694740895
66,2.585493017821475,0.6634370217753873,-1.9220559960460886,0.6634370217753873,-0.8973365994263897
97,2.556933209448759,0.826873474136471,-1.7300597353122882,0.7512337353000899,-0.6182685118086659
84,2.5366488066463346,0.0,-2.5366488066463346,0.0,-0.8388320925237247
89,2.510487623513299,0.6674282861026427,-1.8430593374106563,0.6674282861026427,-0.3675087630275545
13,2.51023265839518,1.382113084862188,-1.1281195735329916,0.7043573417998363,-0.49476004543232555
(HA2)74,2.5020354849690563,0.0,-2.5020354849690563,0.0,-0.9647170107472842
76,2.493697402643009,1.2668860128645596,-1.2268113897784496,0.6637934681400562,-0.4941882103379242
(HA2)9,2.486660483951999,1.1891537607149045,-1.297506723237094,0.48553092972256856,-0.4841951777379371
(HA2)189,2.4835910072808516,0.15314261756293854,-2.330448389717913,0.15314261756293854,-0.439050543447275
162,2.479056143231249,0.0,-2.479056143231249,0.0,-0.43076474852894564
(HA2)145,2.4745469260132533,0.42064973383087834,-2.0538971921823745,0.3312063966795908,-0.9613667578200684
87,2.4562190927344476,0.36460496002901605,-2.091614132705432,0.16603011300111006,-0.8142814260640725
16,2.4515979814064544,1.416539101358811,-1.0350588800476446,1.0421600603119687,-0.7549183098395708
181,2.4414254779374236,0.9166386855167903,-1.5247867924206333,0.9166386855167903,-0.4606802273759891
204,2.4301052485914956,0.9284397962320254,-1.50166545235947,0.6455049378083668,-0.3799654462819956
241,2.4286488383171987,0.6886114820032052,-1.7400373563139937,0.6779554955584646,-0.5581487470653942
(HA2)7,2.414489866838763,1.5516214955526915,-0.8628683712860715,0.9615032827520587,-0.40472250515236186
146,2.368922897791583,0.292342242677358,-2.0765806551142245,0.26288324176470446,-0.8273045200566651
206,2.3643949732858105,0.5636062884423777,-1.8007886848434331,0.48526620065888354,-0.5439027214130248
293,2.3571513367289434,0.056208230196609414,-2.300943106532334,0.056208230196609414,-0.7348469502754655
(HA2)119,2.3483058953636085,0.9096321459868715,-1.438673749376737,0.47306316724399866,-0.44839399595682994
74,2.3243834818355675,1.0457132895431647,-1.2786701922924033,0.6638255484667157,-0.18605557657466024
52,2.310218126205442,1.444520367678695,-0.8656977585267467,0.7897164182104623,-0.18435943863094895
196,2.273340712773483,1.7481465829442664,-0.5251941298292166,0.8278942361472664,-0.31620333175804266
72,2.256894814879145,0.35432285693906657,-1.9025719579400786,0.26291620250474024,-0.42279956858323153
(HA2)115,2.234965768987795,0.13034244876427886,-2.1046233202235163,0.13034244876427886,-0.647444953038623
(HA2)126,2.2288236519545492,1.0496628367303595,-1.1791608152241895,0.48542158249142053,-0.2655886310561764
90,2.209299221020436,0.5513161828161727,-1.657983038204263,0.48527478880027186,-0.4297013529903467
257,2.181594068735552,1.3530759096171727,-0.8285181591183799,0.8953773326436083,-0.379498353878194
255,2.1776179348194784,0.6039882418409241,-1.573629692978554,0.3410178382529882,-0.5374621135777398
(HA2)104,2.116336429393509,0.312641234698743,-1.8036951946947664,0.312641234698743,-0.5618278832173981
321,2.1144054337797735,0.0,-2.1144054337797735,0.0,-0.5512854739187192
197,2.1011360520501388,0.8488114065161436,-1.2523246455339951,0.29858682743973713,-0.610258509905933
249,2.0881698769808086,0.4594285167049591,-1.6287413602758494,0.41874659270347225,-0.20265865067008612
61,2.0487462900388276,0.0,-2.0487462900388276,0.0,-0.497348607043108
178,2.048327043473084,0.485345765241824,-1.5629812782312595,0.485345765241824,-0.46087321195109193
240,2.005877967276589,0.2736551547645414,-1.732222812512048,0.2062526352224888,-0.8096459084360603
(HA2)33,1.9651345923303314,0.08278848205369417,-1.8823461102766372,0.08278848205369417,-0.3615338473671346
23,1.8906057540359829,0.0,-1.8906057540359829,0.0,-0.662177391676253
58,1.8750401522480644,0.2553309313902714,-1.6197092208577932,0.13638071440013574,-0.9531227720054168
108,1.8590552649921326,0.41357170925627823,-1.4454835557358543,0.27946502147270436,-0.9791894590904967
153,1.8048122285230992,0.0,-1.8048122285230992,0.0,-0.6765208304322952
(HA2)22,1.7770715825065384,0.897878685408365,-0.8791928970981733,0.7551407153392914,-0.5512674378229614
281,1.764110569864241,0.07210226489604721,-1.6920083049681938,0.07210226489604721,-0.48444349686237476
180,1.743677490868253,1.0059388905887252,-0.7377386002795278,0.678036136411585,-0.20234262102926745
295,1.7255927331026584,0.0,-1.7255927331026584,0.0,-0.41417295936114107
195,1.7254835645456694,0.09375002877191108,-1.6317335357737583,0.06058749398286531,-0.6108001777130201
(HA2)8,1.7151719070032996,0.6446668235081955,-1.0705050834951042,0.6446668235081955,-0.22118254564158396
256,1.6353253514593138,0.14500198101362055,-1.490323370445693,0.08428297381538041,-0.7210905150551633
253,1.6214971017483426,0.0,-1.6214971017483426,0.0,-0.5381710572458999
306,1.6135508936962026,0.6686084133429662,-0.9449424803532365,0.5855611067880272,-0.41095429988417714
(HA2)175,1.6051437570561005,0.5835551805133925,-1.0215885765427084,0.3756322580190286,-0.30695037990171975
116,1.6045043156150187,1.0342665358068637,-0.5702377798081549,0.6780799754342042,-0.37627771067901034
99,1.486100622266366,0.020658212256908153,-1.4654424100094579,0.020658212256908153,-0.6954380814489078
154,1.4583141246002964,0.6059350679320203,-0.8523790566682763,0.6056863344672188,-0.18747494140813578
11,1.43773329879716,0.7176348784760617,-0.7200984203210983,0.3203985862673569,-0.4276440259467218
(HA2)190,1.3633023910142474,0.23736571313370244,-1.1259366778805449,0.23736571313370244,-0.4394046324459287
(HA2)103,1.358090708384663,0.9560933485967481,-0.40199735978791484,0.6781024413655928,-0.1122888153850651
286,1.167169237451345,0.49447244354081815,-0.6726967939105266,0.2630222641112023,-0.30659437239477544
112,1.1626043464212223,0.5576228338266935,-0.604981512594529,0.5576228338266935,-0.26631991580731335
125,1.1508774962464043,0.02908139403430901,-1.1217961022120952,0.02908139403430901,-0.45559804855971997
254,1.0003748237329373,0.468391657231388,-0.5319831665015495,0.46834687410850717,-0.11326907862400072
284,0.753763980772142,0.2978199657241393,-0.4559440150480026,0.29669868093547686,-0.18011259109060873
(HA2)188,0.5157725106487835,0.0,-0.5157725106487835,0.0,-0.3070021123344645
