site,avgfracsurvive,maxfracsurvive
193,0.04077432500268612,0.22568180901952054
304,0.015069133681357497,0.2683868221245058
207,0.009982923931126353,0.1555057914164122
160,0.009955609042060413,0.1740137902114426
223,0.005124040973545976,0.0816165120156804
(HA2)106,0.0042059869371327335,0.061973833181952036
121,0.004051563561191204,0.06356929266218372
(HA2)203,0.0036480815190590827,0.05208433008342695
222,0.0035895679872011625,0.025918270659572286
(HA2)57,0.0034699255652238014,0.049582439946382395
(HA2)157,0.003230860041317347,0.04558017580378248
(HA2)130,0.0031850102216420114,0.025887228595221756
189,0.002780646852433051,0.02631807286064693
31,0.0026714017627682014,0.03229941467569066
240,0.002571346784973917,0.029036000000000006
(HA2)164,0.0025294355739831063,0.036056804876457176
192,0.0024291290741587568,0.010363612067620813
(HA2)186,0.00238075077537189,0.02823395191290674
159,0.002312442044644367,0.016961953638748382
269,0.002098722476115993,0.011709131591092554
(HA2)24,0.0019631187004245302,0.01804306684261321
(HA2)131,0.0019285025036021673,0.022401150191884572
219,0.0019146981631036316,0.024179317739557605
214,0.0018197534903008612,0.021391378408483555
(HA2)51,0.001786157392637008,0.015092311898171095
280,0.0017598712521474187,0.017055645095666858
(HA2)31,0.0016832041121469061,0.010843727903301816
(HA2)200,0.0016800937484168236,0.020084407315056285
97,0.001666600780465297,0.009860672997577848
145,0.0016470634547128505,0.010941918809161238
56,0.001604623763194184,0.011642335409168309
35,0.0015987319476581218,0.012754434095524028
(HA2)184,0.001582223568272639,0.009483932273050933
126,0.0015810230782487133,0.00806487090140503
(HA2)47,0.001556851586021728,0.014531723616456348
(HA2)167,0.0015424111254786676,0.009350912201233625
(HA2)161,0.001523495321900112,0.009901354307066072
274,0.00150767001049254,0.008080388619090604
(HA2)103,0.0014993599926422323,0.008930903260550179
44,0.0014992578332442966,0.013212513979269097
(HA2)88,0.001486404222637503,0.009529540704721767
(HA2)212,0.001466451365571707,0.007388025189844123
(HA2)132,0.0014504949815585698,0.011431039208972654
315,0.0014433280554669795,0.0063752031167352416
326,0.0014321203830679637,0.01006001972952881
(HA2)219,0.0014281205602758266,0.008568000000000001
46,0.0014213567785118643,0.009535163324725331
(HA2)201,0.0014187508709478749,0.010964545550722017
73,0.0014171573805849946,0.006698029679358731
273,0.0013853785941048283,0.00618499558983658
313,0.0013821320357427901,0.007482516990717256
76,0.0013811191711136774,0.00480798566361134
(HA2)179,0.0013807036996975558,0.008744975256947759
(HA2)196,0.0013792944850455442,0.010576154153289533
11,0.0013768451682408447,0.0071958480811073556
111,0.0013748231462895125,0.003515502506323926
(HA2)183,0.0013602642987297555,0.009913194076732003
129,0.0013532974952484517,0.0034113965464540185
-15,0.0013529735693788645,0.013696618375310624
(HA2)1,0.0013512257879933565,0.00588158066259254
164,0.0013482992201713916,0.006683579182085885
258,0.0013423118780400021,0.006755847709662902
(HA2)174,0.0013397164735803888,0.00494951880082313
116,0.0013377828516162541,0.005207564458828588
64,0.0013319292184568417,0.004848608928546472
(HA2)84,0.001324788047325413,0.00562427235539017
(HA2)187,0.0013246292709726438,0.009632404210612061
82,0.0013156366593416445,0.005355637568225545
(HA2)46,0.0013122569137762562,0.009807433944508235
(HA2)76,0.001311835589717962,0.0053631366688809985
154,0.001309497039196844,0.00372205154013527
(HA2)210,0.0013087907548369737,0.0074968850747021455
149,0.0013084528117094279,0.004755327352932905
185,0.0012980532051024714,0.006717856570569643
228,0.0012946097212099695,0.004553879459081371
267,0.0012917181196670333,0.00533490395300807
(HA2)168,0.001289677774621435,0.0057301575590925575
87,0.0012871010849606825,0.003862987413154474
(HA2)192,0.0012837808373472122,0.0020909789282824044
(HA2)74,0.0012741700655032,0.0035196147752611785
295,0.0012732476486858164,0.0027275274315158066
37,0.0012712011930329956,0.005876465952239044
291,0.001266160686117344,0.005575592656224525
(HA2)118,0.0012631789777175799,0.0036079161205491567
(HA2)140,0.0012593647541424408,0.005992069536222088
144,0.0012523342059640723,0.006188000000000001
66,0.0012500488313180545,0.00420835058568993
61,0.0012492305402287782,0.002453928385696089
179,0.0012431649789023487,0.0021883064843781167
225,0.0012375848886360715,0.0067196328074109
321,0.0012304968599532228,0.004522000000000001
(HA2)7,0.001228244686753253,0.002929802330686927
(HA2)104,0.0012260532111525546,0.0031224208974071307
(HA2)95,0.0012244444984730153,0.0037067906026269186
230,0.0012212314753397475,0.0044387169256454384
148,0.001218781067632098,0.002833864108927906
(HA2)193,0.001215220816224593,0.0037850544587476414
141,0.0012121663468277004,0.0017942635882615533
249,0.0012108368123314825,0.0021523323943753543
93,0.0012083328338169809,0.0035484095472589523
16,0.0012071800820516957,0.0026942790337640575
71,0.0012071200967115699,0.0017734925665627574
118,0.0012033081301769505,0.0022979557199438016
175,0.0012029766929900186,0.0022112161621524592
-11,0.00120286126812409,0.0015667676051126862
114,0.0012018128112426085,0.0019033390236113288
174,0.0012007969085568032,0.003008622958412791
(HA2)199,0.001198746170473772,0.007386644996728895
170,0.00119829727385114,0.004027039820956455
(HA2)220,0.001196530777991733,0.00571126841322779
109,0.0011957188065501508,0.001998075536074974
12,0.0011939243342200822,0.0024332411731260288
284,0.0011925980855745,0.001428
283,0.0011919737480036215,0.001428
65,0.001191575414641824,0.0016812926091578806
237,0.0011907821942816772,0.0036148652634699586
13,0.0011905041150892207,0.0020807579866320624
281,0.0011892910169035355,0.0017065849854007657
(HA2)21,0.0011872539354903,0.0018179509960830923
253,0.0011869753475989282,0.003013886920701367
194,0.0011859925729483345,0.001922980806166792
191,0.0011845703569540128,0.0034858953674128204
(HA2)86,0.0011837573445226998,0.0047021067018352
(HA2)20,0.0011837520847454458,0.002257123235616434
285,0.0011811395780680141,0.0025013220035769654
286,0.001181084973382858,0.0015000710702564451
(HA2)26,0.0011793139436556516,0.00238
(HA2)188,0.0011788161570601807,0.0011989289189254359
(HA2)16,0.0011787058883058973,0.0025729689040200226
108,0.0011786473660934348,0.001929332339179078
139,0.0011759025365932546,0.0018624337169914351
303,0.0011757759873317162,0.0016837871849547644
105,0.0011748869787065125,0.001549215649292499
120,0.0011730181250408848,0.001381707083740054
151,0.0011729811905666463,0.0016660000000000002
329,0.0011713864932756835,0.0017357905938446194
-12,0.0011710827106873687,0.003307999020763748
257,0.0011707657764949764,0.0013266060537992894
(HA2)83,0.001169980517347174,0.003534145158354388
176,0.0011697172051545724,0.0015523286126088677
178,0.0011678011488732924,0.001823058593466585
206,0.001166580384616955,0.0014598068262285796
197,0.0011660599916781967,0.001547853068915621
243,0.001165997651529606,0.0024613581560220103
146,0.0011642194840313029,0.001666
55,0.0011630089946790502,0.0017123672494263953
80,0.0011620600354279715,0.004550190338271824
17,0.0011616931065512367,0.0026442343047008324
(HA2)129,0.0011615624236381266,0.003053167277083883
(HA2)28,0.0011614670474846714,0.0018553292144090894
276,0.001160543184278259,0.002909946206738683
(HA2)109,0.0011602116312446795,0.0032810242839918353
113,0.0011601581079007921,0.0017365607247133963
88,0.0011601284994872455,0.0033312542183608173
140,0.0011598275405236562,0.002096181628417154
(HA2)82,0.0011584741605753937,0.005222853222327263
(HA2)116,0.0011549669335809687,0.004333861518449234
(HA2)64,0.0011547969351315833,0.0014280000000000004
195,0.001152944938421032,0.0016959404477581575
(HA2)12,0.0011519496752124794,0.0016489125765626349
100,0.0011516033397477642,0.002480220384780506
70,0.0011507099338088098,0.0020879979639642477
91,0.0011506101449047148,0.001455344999227434
(HA2)8,0.001148951556262574,0.001390239912345621
235,0.0011487789580703943,0.0017955287310058613
(HA2)69,0.0011478341660118804,0.0031430247883201643
74,0.0011478315768486626,0.0019873417172110623
245,0.001147329071544967,0.0014448880248634686
15,0.0011461693764080534,0.0015520678756426895
166,0.001145011301883943,0.0015564857260685744
198,0.0011449469354611187,0.002999593102011913
203,0.0011446679000692462,0.0015576359557993066
153,0.0011445813267709892,0.0012096080129830643
(HA2)115,0.0011441588904107913,0.0013379757419110722
255,0.0011426585955276525,0.0015234626611874734
115,0.0011419822933300288,0.0015525239953611699
256,0.0011398047781729823,0.0012079460693696915
23,0.0011392188468320242,0.0021464367397318503
308,0.0011387383976360292,0.0013179315222551452
112,0.0011382606049687495,0.001328409991653614
135,0.0011361707429991203,0.005532976884625535
(HA2)33,0.001135412983816003,0.0018450677069270292
182,0.0011351222384497202,0.0016310942108320172
(HA2)72,0.001134055550065602,0.0017283333851523715
317,0.0011337205417737781,0.0015463291988499295
86,0.001133501108842654,0.0018440574253798245
169,0.0011334763931996011,0.0014114279638828351
72,0.0011331687740690694,0.00119
(HA2)53,0.001130499186981841,0.0036308471652111048
-4,0.0011292074002639625,0.0025483932629629205
(HA2)75,0.0011284737117343057,0.0011900000000000003
127,0.0011281003101281896,0.0016872125367286973
147,0.0011280238924844383,0.001428
43,0.0011275954310205692,0.0018529838441609591
(HA2)194,0.0011275479229696384,0.0014283970321353808
287,0.0011273873135077726,0.0012260440560019883
(HA2)105,0.0011269717173968815,0.0017082825378398894
(HA2)152,0.0011265705890525191,0.004175225638657181
152,0.0011258136540552785,0.0014495837865608572
134,0.0011253139979834944,0.001428
123,0.0011249710037049734,0.001270350165055527
(HA2)143,0.0011248164541517985,0.005125398675117315
247,0.001124729752247558,0.002918990075759091
(HA2)213,0.0011243943327239685,0.0012547377633581004
272,0.0011235964827315508,0.0012307484407648316
99,0.0011233271426867675,0.002227605538526583
62,0.0011229305765866184,0.00236867601743737
84,0.0011211856616631342,0.0012408438763878342
167,0.0011203673055019852,0.0015038384391547566
293,0.001119663367002354,0.0021101537970212897
(HA2)5,0.001119367650528007,0.0020952793791201582
(HA2)137,0.0011189631729157643,0.004719197395347191
(HA2)67,0.0011186128008204965,0.0016144286182841992
309,0.0011185871073120148,0.0012186321961674728
(HA2)189,0.001117913536968284,0.0013798380038910695
85,0.0011177967912746297,0.002974766577195038
177,0.0011171050956808467,0.001666
24,0.0011168352692311784,0.003636348501839024
172,0.0011161564602228478,0.0012523321814209884
180,0.0011161247910166283,0.0011900000000000003
52,0.0011159890773535888,0.0013379048914728161
119,0.0011147779372040832,0.0013277513258653575
130,0.001114077619340575,0.0015555769278510381
279,0.0011139696514464788,0.006176226223871008
246,0.001113630654303201,0.001207376953808465
(HA2)44,0.0011117907192108505,0.0022235815013121347
58,0.0011114824299142958,0.0013130022181130168
288,0.001111298169695301,0.0016367501616149837
(HA2)41,0.0011107319215151023,0.001636959086377074
(HA2)52,0.0011098022581783017,0.0015178605097101927
292,0.001109230577284655,0.0025715368415718835
190,0.0011086355007285497,0.0013268027246808316
150,0.0011085721639334401,0.0012453878669973848
34,0.0011084053215730857,0.0019495665038670902
277,0.0011083628478847642,0.002098729481835115
306,0.0011077642230066193,0.0014640532584567472
300,0.0011076415602587744,0.0019053285082163032
20,0.0011071359346611631,0.001428
125,0.0011070759961704804,0.0014512416112511266
234,0.0011065433838653325,0.0017424406155049255
(HA2)22,0.0011064863160130517,0.00179553777159395
98,0.0011063008461041158,0.0032762875960005403
236,0.001106127533658073,0.002373955760045654
(HA2)119,0.0011044266684350974,0.0012065817813788177
77,0.0011037074012684332,0.0014279999999999998
157,0.00110342067241113,0.007566972779558195
155,0.0011031036299127125,0.0020563602840857702
270,0.0011030401067434203,0.0012602994788756565
7,0.0011016748725205913,0.003787758997224329
68,0.0011015088891804445,0.001715555409618162
(HA2)209,0.0011012750669816707,0.00577492909562161
252,0.0011012563806644376,0.0014280000000000002
69,0.0011004921687187204,0.001428
294,0.0011001976162792481,0.0015466912839121453
(HA2)87,0.0010985854962453805,0.0028578623356431965
101,0.0010976795132055966,0.0014280000000000002
(HA2)136,0.0010972646224842312,0.005533538910498077
-2,0.001095765267240531,0.00832881564337339
(HA2)66,0.001095632816254247,0.0013175830729155898
(HA2)110,0.0010943227317223865,0.0019553230048481806
(HA2)96,0.0010939046560951363,0.002961537857696094
(HA2)117,0.001092312028619066,0.0025251256940557543
(HA2)166,0.001092082315520714,0.0029503359648263357
282,0.0010915461526507671,0.0011899999999999999
(HA2)34,0.0010906712865339288,0.002209326948246609
156,0.0010895240312995217,0.0019160330877943975
239,0.0010888724495109572,0.0015476681276761126
183,0.001088084427418486,0.0012468367368189532
271,0.0010877286286667541,0.0013257324234348198
92,0.001086118531775247,0.007729401912288757
89,0.0010857068879633347,0.0013278471593344049
(HA2)151,0.0010850590913306282,0.003121106962057976
263,0.0010850407663285924,0.001469560865499384
298,0.0010849919835168398,0.0013528071546773754
(HA2)111,0.0010839295885077137,0.0017041904179617563
264,0.0010824614758249331,0.0018715705116090838
305,0.0010819589756795964,0.0012262252393385553
128,0.0010819508162577239,0.001315844669782625
296,0.0010819255698556484,0.0013241947760644639
(HA2)48,0.00108099049003406,0.0014462151825044775
(HA2)80,0.0010791321752328083,0.0015532458605397627
(HA2)112,0.001078705172413724,0.0016543068838919023
266,0.0010786610669576415,0.0013266329838934265
137,0.0010785471143881713,0.001382245391975281
204,0.0010773423126157057,0.0012655375142453951
268,0.0010762417828792316,0.0017243627524010496
-1,0.0010761514244046707,0.0014126226850485223
39,0.0010757806590023355,0.0016463252397425074
(HA2)217,0.0010753623932630444,0.00119
322,0.0010742914380339932,0.0012371419700380345
196,0.0010730481300483374,0.00119
(HA2)78,0.0010726399005677946,0.00119
96,0.0010725547360206187,0.0016244661932285184
(HA2)126,0.001072338208882885,0.00119
107,0.0010720653587361535,0.001719613776808396
250,0.0010715608113918815,0.001722247088825718
(HA2)73,0.0010710031713723138,0.0018625536085347975
117,0.0010705886960572144,0.0023190288907290577
(HA2)30,0.0010699286746283423,0.002129285009034713
18,0.0010698699211102473,0.0016659999999999997
(HA2)93,0.0010690347988603472,0.0011900000000000005
54,0.0010687842256446567,0.0046794651032168785
90,0.001068279529706223,0.0023640358188608372
104,0.0010681442764051282,0.001209155070518129
136,0.0010681018346067003,0.0014280000000000002
(HA2)147,0.0010667656167266714,0.004443747735894911
(HA2)23,0.0010663830305568788,0.002033004980115364
248,0.0010657641706451355,0.0014916192002136326
14,0.0010656564600779856,0.0014366199467747427
(HA2)15,0.0010652988687026947,0.006173901129744541
(HA2)85,0.0010633512340434185,0.0014279999999999998
241,0.0010619473985015962,0.0013263248219640153
59,0.0010615202953035583,0.0015593292951944096
(HA2)170,0.0010612249622714489,0.001922820131493326
297,0.0010606277981619503,0.001220553279135816
133,0.0010594511004243916,0.0014022229907562865
314,0.0010586347387121504,0.001810756484597527
265,0.0010584446650214914,0.001238657523185292
41,0.0010582120725505057,0.00119
318,0.001057542578624721,0.0018697104889416683
(HA2)108,0.0010570260039987362,0.0013281576280558946
(HA2)190,0.0010562650952561099,0.0013347091467354737
26,0.001056020904348629,0.0011900000000000003
95,0.001054921703638638,0.0015489538125973226
209,0.0010546591720268462,0.0015739412081721977
49,0.001054631958742059,0.0012662455897862965
(HA2)9,0.0010545000230493106,0.0013033883384699445
122,0.0010540684147603183,0.0021487842484167892
(HA2)149,0.0010530239057324462,0.0036467623275412203
(HA2)92,0.0010528662340783608,0.00119
158,0.001052432777222099,0.0015567241891039194
110,0.0010520221720401888,0.0012098079420248158
(HA2)50,0.0010520118155153688,0.0012418857294438429
22,0.0010508802319116452,0.0016660000000000002
324,0.0010504936731174951,0.0038470001041865016
138,0.001048514893167858,0.001549929372662239
(HA2)94,0.0010484622707529134,0.00119
-9,0.001048429691929794,0.0011993237085695422
25,0.0010482918293291982,0.002644582534258639
302,0.0010481645293038129,0.0017675373926611428
29,0.0010474898519589487,0.0015153637213222992
(HA2)79,0.0010474753081403452,0.0016358619299157678
(HA2)176,0.0010468455924136687,0.0011900000000000003
(HA2)17,0.0010461952410219522,0.0016947463481007585
168,0.0010455590256233719,0.0011900000000000003
259,0.0010446679150122589,0.002634111325273057
316,0.0010430507092673857,0.00119
238,0.0010423769300604458,0.0021650765215391284
(HA2)90,0.001042061645210237,0.0012469691561393247
(HA2)123,0.0010414746763299778,0.001325864739261773
(HA2)128,0.001040548403168425,0.0021386753378541275
(HA2)195,0.0010402519784664767,0.001653335709125092
19,0.0010390542390268395,0.0013479164973555229
(HA2)89,0.0010378737624052977,0.00119
30,0.0010377647506573007,0.0012325908353533126
(HA2)127,0.0010370776606171738,0.0013283789091817276
181,0.0010358552988229352,0.0011899999999999999
28,0.0010357236897116286,0.002097105225789117
221,0.0010356790892209944,0.0011899999999999999
232,0.0010353055414678313,0.0013615011511715531
(HA2)107,0.0010347846011424158,0.001241301949647194
202,0.0010347418963055528,0.001547725994918067
-5,0.0010345471287184628,0.00119
67,0.0010345195633766461,0.001428
53,0.0010344606697837578,0.0013300531214470374
102,0.0010341066787829588,0.0011899999999999999
254,0.001033765145309532,0.0016977304192476585
307,0.0010337386406691139,0.0027121181297619754
(HA2)58,0.0010336128370951692,0.00119
51,0.001031187608913123,0.0013484965256160269
(HA2)59,0.001029976439149031,0.00119
229,0.001029958488414387,0.00119
(HA2)42,0.0010294936911271998,0.0011900000000000003
320,0.001028763439199666,0.001399659896838978
251,0.001026110542708271,0.0014279999999999998
161,0.0010220169193756326,0.0026878781737741525
42,0.0010216240938365113,0.00119
275,0.001021477505000078,0.0027944001655870656
143,0.0010206291986468274,0.001327698066440777
(HA2)2,0.0010200662735438007,0.0013594290335733577
205,0.0010200325996376986,0.0012934989210157822
(HA2)171,0.0010187436417459933,0.0019512378661700276
(HA2)49,0.0010184764606702638,0.0014639360711327688
(HA2)70,0.001017358795183532,0.0014962415040120287
(HA2)40,0.001017268168082624,0.0013594323840395094
(HA2)10,0.0010165420658670458,0.002047783747155705
(HA2)122,0.0010159785619101996,0.0015027944670293139
311,0.0010150173224094158,0.0011900000000000003
165,0.0010142957144574048,0.0012846136578382266
(HA2)63,0.0010142800926622067,0.001241787300824816
(HA2)54,0.0010138113366321797,0.00119
47,0.001011838862668444,0.002189642934907115
319,0.0010076190078922044,0.001325731515886508
171,0.0010060995303199142,0.001358105102270923
(HA2)3,0.001005606535240473,0.0012367947374001106
(HA2)71,0.0010051213796244034,0.002254805366829608
(HA2)146,0.0010041466999996184,0.001492263723142884
79,0.0010017642671985231,0.0011899999999999999
213,0.0010014544965556006,0.0012082051113788317
(HA2)13,0.0010001818386363315,0.002443531944746496
(HA2)218,0.0010001540602438072,0.0011900000000000003
10,0.0009999823759044297,0.001198437787999029
301,0.0009991599978106537,0.00119
(HA2)120,0.0009988583620892076,0.0021621400303048345
-13,0.0009984250744152045,0.00119
38,0.0009973257619837455,0.0015697071691968861
60,0.0009957097768080122,0.00119
200,0.0009955928712166795,0.00119
278,0.0009953671718855312,0.0013738910355757803
27,0.000994176571171048,0.0013474330512817118
(HA2)175,0.0009941058501769103,0.00119
(HA2)36,0.0009929814127629148,0.0019164716357063189
(HA2)100,0.0009922991623948227,0.0011899999999999999
75,0.0009919257660362852,0.0012181813273333384
162,0.000988614665079163,0.00119
(HA2)114,0.000988106253616032,0.00119
186,0.0009879164956509816,0.0016778958516324317
211,0.0009863899734829191,0.0011899999999999999
(HA2)56,0.0009863570262153953,0.0013283973738524078
233,0.0009851270181818902,0.0011900000000000003
63,0.0009847317055183792,0.0014607976265663995
132,0.0009832580866130757,0.00119
-10,0.0009831538995652104,0.0020063777844926472
(HA2)144,0.0009825809165939683,0.0012550257287300651
(HA2)65,0.000982253737989439,0.0016903416638598854
131,0.0009815517799722946,0.001246385104280437
(HA2)62,0.0009813025351654346,0.0018864493809981615
(HA2)37,0.0009798928713306166,0.0012818156262876935
78,0.000979386982574355,0.0014560882962195755
32,0.0009764196203112422,0.001353607860456454
231,0.0009749035972935274,0.0011899999999999999
(HA2)214,0.000972561474360482,0.0016829474281488297
36,0.0009722554924009076,0.00119
-3,0.0009689085696123897,0.0012755396605219696
21,0.0009676678030976248,0.0011899999999999999
(HA2)216,0.0009671225948559226,0.0011900000000000003
260,0.0009660229634913712,0.0018221282641636774
210,0.0009658825204400848,0.0013266998017238542
184,0.0009604797924759494,0.0013491767723880597
212,0.0009599220954245222,0.0013267225114967636
(HA2)68,0.000959503847840003,0.0011899999999999999
(HA2)81,0.0009590671577740659,0.0013598189840054527
(HA2)121,0.0009589507939381315,0.003310087929409817
(HA2)55,0.0009588656255193561,0.00119
(HA2)6,0.0009576290294900024,0.0011900000000000003
(HA2)163,0.0009575949799254212,0.0011900000000000003
290,0.0009568131526996878,0.001341688619625457
(HA2)191,0.0009560130169187789,0.001380134608085744
(HA2)35,0.0009557392180010951,0.00119
188,0.0009552120385217818,0.0011899999999999999
(HA2)4,0.0009545876548384765,0.0011899999999999999
83,0.0009511455647870798,0.00119
4,0.000949236110591836,0.002842463275061528
(HA2)173,0.000948520420429482,0.0013357297708123327
(HA2)19,0.0009463574800015199,0.0011899999999999999
-7,0.000946223035000044,0.0038970801333839764
(HA2)11,0.0009444590848115326,0.00119
(HA2)97,0.0009439349628268806,0.00119
(HA2)215,0.0009434707744522961,0.0011899999999999999
325,0.0009433208115712292,0.0011899999999999999
(HA2)155,0.000943215056375206,0.0013356528439192271
187,0.0009401757373004718,0.0013416602432624375
312,0.0009374785258661814,0.002235272165513141
(HA2)154,0.000937225163907016,0.0016873175959840965
106,0.0009369398937623818,0.0011900000000000003
(HA2)169,0.0009353802202653602,0.0012547487027794412
(HA2)38,0.0009353105690526902,0.0025634769933474445
(HA2)102,0.0009330918827536183,0.0011899999999999999
(HA2)125,0.0009296167453285137,0.0016660000000000002
(HA2)43,0.0009288215160876565,0.001428
81,0.0009279318211614578,0.0014477152252998916
(HA2)60,0.0009274408695617908,0.0011900000000000003
289,0.0009247233804531373,0.00119
(HA2)14,0.0009208470130757542,0.00119
(HA2)185,0.0009149315604879877,0.0012544668636147475
163,0.0009147475498654035,0.00119
(HA2)150,0.0009145843077790227,0.00119
(HA2)162,0.00091303674961008,0.0011900000000000003
310,0.0009126820180826418,0.00119
242,0.0009119569768946785,0.00119
173,0.0009109611884211002,0.00119
(HA2)99,0.0009087609267252737,0.00119
6,0.0009084172032012389,0.0033425427886110727
(HA2)158,0.0009078037437770331,0.00119
(HA2)25,0.0009057808770347977,0.00119
(HA2)211,0.0009032765918460902,0.0013357862060340078
(HA2)221,0.000902766730605032,0.0014280000000000002
-14,0.0009020546009394967,0.0011900000000000003
323,0.0009020400182770416,0.002463057253533983
(HA2)134,0.0008982181168871646,0.00119
(HA2)91,0.0008981309764232937,0.00119
216,0.0008944245851707248,0.001739462646772505
(HA2)77,0.0008940645370608811,0.0011899999999999999
(HA2)165,0.0008939851486800719,0.0013358291358524978
(HA2)197,0.0008935890447679416,0.0011899999999999999
(HA2)148,0.0008913575911553039,0.001770685142441042
124,0.0008895734618037689,0.0017698214885964489
(HA2)159,0.0008892705076865365,0.00119
9,0.0008877999256264761,0.00119
(HA2)177,0.0008852143308637617,0.0025890383961128796
33,0.0008837287515519073,0.00119
40,0.0008826285614369644,0.001394268374031226
218,0.0008824128961136564,0.0011900000000000003
208,0.0008820856981591468,0.0015368624150693935
(HA2)145,0.000882042594842715,0.0014280000000000002
262,0.0008819043560700766,0.0026448216823881207
199,0.000877676313128515,0.00119
57,0.0008731667136326984,0.0024847759101965694
227,0.0008661026927032973,0.0014988400079349491
224,0.0008617708875201261,0.0016327636113426741
(HA2)198,0.0008616661990778638,0.0025066244752286193
48,0.0008604709076615043,0.0014524714576924507
(HA2)156,0.0008552494396688849,0.0014183644532987589
(HA2)133,0.0008483409167196562,0.00119
(HA2)205,0.0008464313278201477,0.001971088694841532
(HA2)141,0.0008432855433963298,0.002671604815964019
(HA2)113,0.0008402346131534298,0.0013120606449220382
50,0.0008396820090729595,0.0022168162173247102
142,0.0008390001349664072,0.0012117619391439822
45,0.000838644331646632,0.0011899999999999999
299,0.0008372230501889891,0.002685617296566849
3,0.0008334633256868612,0.00119
(HA2)138,0.0008306316282444404,0.00119
(HA2)153,0.0008300658220063626,0.0016158882586174246
(HA2)45,0.0008288991541667453,0.0027844699187684822
8,0.0008280889373824749,0.00119
(HA2)61,0.0008271835945969073,0.0014182573359734297
2,0.0008243721041243814,0.0022225696158094375
(HA2)101,0.0008158866288410821,0.0013904374955522397
(HA2)178,0.0008147665998941128,0.00119
217,0.0008129169432358054,0.0013776382004890867
(HA2)98,0.0008121631990110862,0.0011900000000000003
328,0.0008068155337775764,0.0011900000000000003
(HA2)139,0.0008039808823715671,0.00119
103,0.0008007118281879833,0.0016806691717741334
(HA2)202,0.0007984785668833295,0.0014636866275104343
(HA2)135,0.000790764461966914,0.0011900000000000005
(HA2)124,0.0007889127582417493,0.0011899999999999999
(HA2)181,0.0007873118166614268,0.0013356168861003441
(HA2)180,0.0007867831459378294,0.0017142062684460879
(HA2)160,0.0007827081575873608,0.0011899999999999999
327,0.0007783866440585095,0.00119
(HA2)204,0.0007706977593879489,0.0014071667701881696
(HA2)32,0.0007647837991016617,0.0012694874598817376
1,0.0007616956030096301,0.001450740405054659
(HA2)172,0.0007610465863711939,0.0011899999999999999
261,0.000760195663934872,0.0017948002679244754
(HA2)29,0.0007559495409504203,0.0012577074610046922
244,0.0007545036364495016,0.0018225689175162575
(HA2)27,0.0007424280203669603,0.0011899999999999999
-8,0.0007391073457489752,0.00119
(HA2)142,0.0007328182865888784,0.0014260294454145847
215,0.0007258862278408768,0.00119
(HA2)208,0.0007243044034206274,0.003743646661611166
226,0.000724287446977629,0.00119
5,0.000707315813427755,0.0011085688974975796
-6,0.0007066289426833536,0.00119
(HA2)206,0.0007021812607162092,0.00119
94,0.0007020485906481624,0.0017203752718543794
201,0.0007009846599356145,0.002538710912093582
(HA2)182,0.0006972608869939866,0.00119
220,0.0006823525052854237,0.0014409887501008647
(HA2)18,0.0006738216626181595,0.0011900000000000003
(HA2)207,0.0006476962343773251,0.0022826685604088117
(HA2)39,0.0006173554393328751,0.001282982229960475
-16,0.000419409341026828,0.0015475985512270571
