site,wildtype,AAA,AAC,AAG,AAT,ACA,ACC,ACG,ACT,AGA,AGC,AGG,AGT,ATA,ATC,ATG,ATT,CAA,CAC,CAG,CAT,CCA,CCC,CCG,CCT,CGA,CGC,CGG,CGT,CTA,CTC,CTG,CTT,GAA,GAC,GAG,GAT,GCA,GCC,GCG,GCT,GGA,GGC,GGG,GGT,GTA,GTC,GTG,GTT,TAA,TAC,TAG,TAT,TCA,TCC,TCG,TCT,TGA,TGC,TGG,TGT,TTA,TTC,TTG,TTT
-16,ATG,1,2,2,14,10,10,10,6,5,1,12,5,6,8,87795,9,0,8,0,5,12,0,0,0,0,0,9,0,6,0,0,4,4,8,2,1,7,0,0,4,0,4,18,0,10,0,5,2,10,18,5,0,0,6,0,2,21,4,428,4,1,5,4,1
-15,AAG,3,0,88395,3,1,1,0,3,0,0,14,0,5,4,2,2,4,0,0,0,2,0,0,0,2,6,0,1,0,0,0,0,0,0,7,0,0,0,0,0,0,0,0,0,6,2,0,1,15,4,0,2,0,0,0,0,0,0,2,0,6,7,3,2
-14,ACT,0,0,0,7,1,12,5,88466,0,0,0,2,3,2,0,2,0,0,1,0,0,0,4,0,1,0,4,0,3,0,1,0,0,0,0,0,0,0,1,1,0,0,0,0,0,0,0,0,0,0,0,0,4,0,0,4,0,2,0,0,0,2,1,0
-13,ATC,0,0,5,0,0,5,0,0,0,0,0,0,0,88452,4,4,4,0,0,0,0,0,0,0,0,2,0,0,0,7,0,0,0,3,0,0,1,0,0,0,0,0,0,0,0,5,0,1,0,1,0,0,0,0,0,5,1,1,0,0,0,0,0,0
-12,ATT,0,0,2,0,0,0,3,5,0,0,0,0,0,6,0,88501,0,0,0,0,0,0,0,0,0,0,0,0,0,0,4,0,0,0,0,0,0,0,0,0,0,0,0,0,0,0,0,2,0,0,0,0,0,0,3,0,0,0,0,0,0,0,0,0
-11,GCT,0,2,0,0,0,0,4,7,0,1,0,0,0,0,1,0,0,1,0,0,0,0,0,0,0,0,0,0,0,2,0,0,0,0,0,1,0,9,1,88465,0,0,0,0,0,0,0,9,0,2,0,0,0,0,0,4,0,1,0,0,0,0,0,0
-10,TTG,2,0,0,0,4,2,0,0,0,2,0,8,1,0,1,0,0,1,0,0,2,0,0,1,0,0,0,1,2,2,7,1,0,0,2,0,0,5,0,0,0,0,0,0,0,0,0,0,0,0,0,2,5,0,3,0,0,0,4,0,5,0,88447,14
-9,AGC,0,0,0,0,0,1,0,0,5,88469,0,6,2,1,0,0,0,4,0,0,2,0,1,2,0,0,1,0,0,0,0,7,0,0,0,0,0,2,0,1,0,5,0,0,0,0,0,2,0,0,0,0,0,2,0,0,0,2,2,0,0,0,0,0
-8,TAC,0,1,1,0,0,0,0,0,5,0,0,3,6,0,2,0,2,15,0,0,0,0,0,1,0,0,0,1,0,1,0,1,0,3,0,3,0,0,0,0,0,0,0,2,0,0,2,0,4,88456,0,0,0,0,0,0,0,3,2,0,0,0,4,0
-7,ATT,0,2,0,1,0,0,0,33,0,0,0,0,2,4,2,88439,0,0,0,0,14,0,5,0,0,0,0,0,0,3,0,3,0,0,0,0,0,0,0,0,1,0,0,0,0,0,3,1,0,0,0,0,0,1,0,0,0,0,0,0,0,0,0,0
-6,CTA,2,0,2,0,1,0,0,0,0,0,1,0,4,0,0,0,15,1,0,1,88,2,1,10,0,2,1,2,88331,2,10,0,1,2,2,0,0,0,2,0,8,4,0,0,3,0,0,0,0,0,4,0,1,1,0,0,0,2,0,0,2,0,2,3
-5,TGT,0,0,0,0,0,0,0,0,0,0,0,0,2,2,0,0,0,0,0,0,3,0,0,4,0,0,0,2,0,0,0,0,1,1,0,0,0,0,0,0,0,0,0,4,0,0,0,0,0,0,0,4,0,1,0,0,0,17,0,88447,0,0,0,1
-4,CTG,0,0,0,0,0,1,0,0,0,0,1,0,0,0,6,0,0,0,1,0,0,0,28,2,0,0,4,0,10,0,88441,0,0,0,0,0,0,0,2,0,0,0,0,0,0,0,0,0,0,0,0,0,0,0,0,0,0,0,0,0,0,0,1,0
-3,GTT,0,0,0,0,5,2,0,0,0,0,0,0,0,0,0,4,0,5,0,0,0,0,0,0,0,0,0,0,1,0,0,0,0,0,0,1,0,4,2,4,1,0,0,9,1,106,3,88256,0,0,0,0,1,0,7,0,0,0,0,2,0,0,0,4
-2,TTC,1,0,0,0,0,1,0,0,0,0,0,0,0,0,0,0,0,0,0,0,0,7,0,0,1,4,0,0,0,109,2,0,0,2,0,2,2,0,1,1,0,3,11,0,0,1,0,7,8,4,8,0,0,14,0,0,3,1,0,0,4,88285,3,21
-1,GCT,0,0,0,0,0,0,0,48,0,0,0,0,0,0,0,0,0,0,0,0,0,0,0,0,0,0,0,0,0,0,0,0,0,0,0,2,8,29,29,88358,2,0,0,0,0,0,0,6,0,0,0,0,0,0,0,6,0,0,0,0,0,0,0,0
1,CAA,19,0,0,3,0,1,2,0,1,0,0,3,0,0,3,0,88462,0,8,0,0,0,0,0,10,2,0,3,2,0,0,0,0,0,0,0,0,0,0,0,0,0,0,0,3,1,2,3,1,1,0,0,0,0,0,2,0,0,0,0,0,0,0,0
2,AAA,88492,6,2,0,0,2,0,0,0,0,2,0,0,0,0,0,0,0,0,0,0,0,0,0,0,0,0,1,0,0,0,0,5,0,1,0,3,0,0,2,0,0,0,0,0,0,0,0,0,0,0,0,1,0,2,0,0,0,0,2,0,0,0,0
3,CTT,0,2,0,0,0,0,0,0,0,0,0,0,0,2,0,2,2,1,0,0,0,0,0,5,0,0,0,1,0,5,0,88480,0,0,0,1,0,0,0,0,0,0,0,0,0,0,0,0,2,0,0,0,0,0,0,2,0,0,0,0,0,0,0,0
4,CCT,0,3,0,0,0,0,0,1,0,3,0,0,1,1,0,3,3,1,0,4,0,6,6,88397,0,0,0,0,0,0,0,3,0,9,0,0,2,1,0,3,0,0,1,1,2,0,0,2,1,3,0,6,0,2,3,2,2,0,4,0,0,0,0,1
5,GGA,0,1,0,0,0,0,1,0,7,0,0,0,1,5,2,0,1,0,0,0,5,0,0,0,0,0,0,0,0,0,0,2,4,3,0,0,1,0,0,0,88364,0,3,3,1,1,40,0,0,0,0,0,2,0,1,0,7,0,0,0,0,0,1,0
6,AAT,2,3,0,88433,0,0,1,0,0,0,0,0,2,1,2,2,0,3,0,1,0,0,0,3,0,2,0,0,4,3,0,0,1,0,0,0,0,0,3,0,0,0,0,0,2,1,0,0,0,0,0,6,2,0,0,0,0,0,0,0,0,0,0,4
7,GAC,0,5,0,0,0,1,0,0,0,0,0,0,0,0,0,0,0,0,0,0,2,3,0,0,0,0,0,0,0,0,0,0,0,88414,4,4,0,0,0,0,0,11,1,0,0,0,0,7,0,4,0,1,0,0,0,2,0,0,0,0,0,0,0,0
8,AAC,3,88450,5,4,0,0,0,0,0,7,3,0,0,0,0,0,0,1,0,2,14,0,0,0,4,0,1,0,0,2,0,0,0,10,0,0,0,1,2,0,3,0,5,2,0,1,0,0,0,2,0,0,1,0,0,0,2,0,0,1,2,0,0,0
9,AGC,0,43,0,0,0,1,2,0,2,88251,4,23,0,7,1,0,0,0,0,0,0,0,0,0,0,3,0,0,0,0,0,0,0,0,2,0,1,0,6,1,0,25,1,1,0,0,0,2,0,0,3,0,0,0,0,0,0,0,0,0,0,0,0,0
10,ACG,1,0,27,0,6,1,88399,5,0,0,1,0,0,0,8,0,1,0,0,0,0,0,0,0,0,2,0,0,0,0,2,0,0,0,0,0,0,0,2,0,0,0,0,0,0,0,0,0,0,0,0,3,0,0,0,0,5,0,1,2,0,0,0,0
11,GCA,0,0,0,0,16,0,5,0,0,0,0,0,0,0,0,0,0,0,0,0,1,2,0,0,0,0,0,0,0,0,0,0,1,0,0,0,88406,6,5,0,0,0,0,0,12,0,0,0,0,0,0,0,0,0,0,0,0,0,0,0,0,0,0,0
12,ACG,0,0,7,0,43,1,88383,4,0,0,0,0,0,0,22,0,0,0,0,0,0,0,0,0,0,0,0,0,0,0,0,0,0,0,0,0,0,0,2,0,0,0,0,0,0,0,0,0,0,0,0,0,0,0,0,0,0,0,0,0,0,0,0,0
13,CTG,0,0,0,0,0,0,0,0,0,0,0,0,0,0,9,0,0,0,1,0,0,0,38,0,0,0,2,0,12,0,88419,3,0,0,0,0,0,0,0,0,0,0,0,0,0,0,0,0,0,0,0,0,0,0,0,0,0,0,0,0,0,0,1,0
14,TGC,0,0,0,0,0,0,0,0,0,0,0,0,0,0,0,0,0,0,0,0,0,0,0,0,0,9,0,0,0,0,0,0,0,0,0,0,0,0,0,0,0,0,0,0,0,0,0,0,0,10,0,0,0,0,0,0,5,88397,0,26,0,0,0,0
15,CTT,0,0,0,0,0,0,0,0,0,0,0,0,0,2,0,6,0,0,0,5,0,0,0,22,0,0,0,0,0,3,1,88366,0,0,0,0,0,0,0,0,0,0,0,0,0,0,0,0,0,0,0,0,0,0,0,0,110,0,0,0,0,0,0,0
16,GGG,0,0,0,0,0,0,0,0,0,0,1,0,0,0,0,0,0,0,0,0,0,0,0,0,0,0,0,0,0,0,0,0,0,0,2,0,0,0,0,0,11,0,88336,2,0,0,2,0,0,0,0,0,0,0,0,0,0,0,4,0,0,0,0,0
17,CAC,0,0,0,0,0,0,0,0,3,0,0,0,0,0,0,0,0,88435,0,8,0,0,0,0,1,8,0,0,0,1,0,0,0,3,0,0,0,0,0,0,0,0,0,0,0,0,0,0,0,28,0,0,0,0,0,0,3,0,0,0,0,0,0,0
18,CAT,0,0,0,3,0,3,0,0,0,0,0,0,0,0,0,0,0,4,0,88473,0,0,0,0,0,0,0,3,0,0,2,1,0,0,0,1,0,0,0,0,0,0,0,0,0,0,0,0,0,0,0,21,0,0,0,0,0,0,0,0,0,0,0,0
19,GCA,0,0,0,0,11,0,0,0,0,0,0,0,0,0,0,0,0,0,0,0,0,0,0,0,0,0,0,0,0,0,0,0,1,0,0,0,88315,5,16,1,0,0,0,0,39,0,0,0,1,2,2,0,22,0,0,0,0,0,0,0,0,0,0,0
20,GTA,0,0,0,0,0,0,0,0,0,0,0,0,29,0,0,0,0,0,0,0,0,0,0,0,0,0,0,0,0,0,0,1,2,0,0,0,9,0,0,0,0,0,0,0,88457,0,6,0,12,4,0,0,0,0,0,0,0,0,0,0,2,0,0,0
21,CCA,0,0,0,0,2,0,0,0,0,2,4,6,0,0,0,0,1,0,0,0,88452,5,6,2,5,0,0,2,0,0,0,4,3,0,0,4,0,0,0,0,0,0,0,0,0,3,0,0,0,3,7,1,5,0,0,0,0,0,0,0,0,0,0,0
22,AAC,5,88425,0,24,0,5,1,0,0,22,0,0,0,0,0,0,0,0,0,0,0,0,0,0,0,0,0,0,0,0,5,0,0,8,4,0,0,0,0,0,0,0,0,0,0,0,0,1,0,0,0,0,0,0,4,0,0,0,0,0,0,0,0,0
23,GGA,1,0,0,0,0,0,0,0,119,0,0,0,0,0,0,0,0,0,0,0,0,0,0,0,0,0,0,0,0,0,0,0,2,0,0,0,0,0,0,0,88313,0,9,5,8,0,0,0,0,0,0,0,0,0,0,0,15,0,2,0,0,0,0,0
24,ACG,0,0,39,0,12,1,88416,5,0,0,0,0,0,0,11,0,0,0,1,1,0,0,7,1,0,0,0,0,0,0,0,0,0,0,0,0,0,0,9,0,0,0,0,0,0,0,0,0,0,1,2,3,0,0,0,0,0,0,0,0,0,0,0,0
25,ATA,0,0,1,1,5,0,0,0,0,0,0,0,88435,1,29,0,0,0,0,0,0,0,0,0,0,1,0,0,0,0,3,8,0,0,0,0,0,0,0,0,0,0,0,0,3,0,2,0,2,4,0,3,0,0,0,0,0,0,1,0,3,0,0,0
26,GTG,0,0,0,0,0,0,0,0,0,0,0,0,0,0,5,0,0,0,0,0,0,0,0,0,0,0,0,0,0,0,4,0,0,0,0,0,0,0,3,0,0,0,0,0,3,4,88367,2,0,0,0,0,0,0,0,0,0,0,0,0,0,0,2,0
27,AAA,88454,0,2,0,1,0,0,0,4,0,0,0,0,0,0,0,0,3,0,0,0,0,0,0,0,0,1,0,0,0,0,0,7,0,0,0,5,0,1,0,0,2,0,0,0,0,0,0,0,0,1,0,0,0,0,0,2,0,0,0,0,0,0,0
28,ACA,0,0,0,0,88476,0,6,0,0,0,0,5,3,0,0,3,0,0,0,0,1,0,0,0,0,0,0,0,0,0,0,0,0,0,0,0,1,2,0,0,0,0,0,3,0,2,0,0,0,0,2,0,0,0,3,0,0,0,0,0,2,0,0,0
29,ATC,0,2,0,0,0,8,0,0,0,5,0,0,0,88471,1,0,0,0,0,0,0,0,0,0,0,0,0,0,0,2,0,0,0,0,0,0,0,0,0,0,0,0,0,0,0,4,0,0,0,0,0,0,0,0,0,0,0,0,0,0,0,0,0,0
30,ACG,0,0,1,0,11,3,88455,1,0,0,0,2,0,0,11,0,0,0,0,1,0,0,0,0,0,2,0,0,2,0,14,0,0,0,0,0,0,0,1,0,0,0,0,0,0,1,0,0,0,0,0,0,0,0,0,0,0,0,0,0,0,0,0,0
31,AAT,1,6,0,88469,0,0,0,0,0,0,0,2,0,0,0,0,0,0,0,1,0,0,0,0,1,0,3,0,0,0,0,19,0,0,0,3,0,0,2,0,0,0,0,0,0,6,0,0,0,0,0,0,0,0,0,0,0,0,0,0,3,0,0,0
32,GAC,0,5,0,0,0,0,0,0,0,0,0,0,0,0,1,0,0,0,0,0,2,2,0,0,0,0,0,0,0,0,0,0,3,88416,9,1,4,4,0,0,0,9,0,0,0,0,0,0,0,7,0,0,0,4,3,0,0,0,0,0,0,0,0,0
33,CAA,0,0,0,0,2,0,3,4,2,0,0,0,0,1,2,0,88439,0,2,0,2,0,0,0,5,0,4,0,0,0,0,0,0,0,0,0,3,0,0,0,0,0,0,2,0,0,0,0,6,0,5,0,0,0,0,0,0,0,0,0,0,0,0,0
34,ATT,0,0,0,0,0,0,0,6,0,0,0,0,3,3,0,88465,0,0,0,0,0,0,0,0,0,0,0,0,0,0,0,3,2,0,0,0,0,0,0,0,0,0,0,0,0,7,0,0,3,0,0,0,0,0,0,0,0,0,0,0,0,0,6,1
35,GAA,1,0,6,0,0,0,0,0,0,0,0,0,0,0,0,0,0,0,0,0,0,0,0,0,0,0,0,0,0,0,0,0,88365,11,8,0,0,2,0,0,11,0,0,0,0,0,0,0,5,0,2,0,0,0,0,0,0,0,0,0,0,0,0,0
36,GTT,0,0,0,0,0,0,0,0,0,0,0,0,0,0,0,14,0,0,0,0,0,0,0,0,0,0,0,0,0,0,0,0,0,0,0,0,0,0,0,2,0,0,0,4,6,3,0,88416,0,0,1,0,0,0,0,0,6,0,0,0,8,0,0,1
37,ACT,0,0,0,0,0,20,7,88434,0,0,0,1,2,0,0,1,0,0,3,0,2,0,2,0,0,1,0,0,6,0,0,0,0,0,0,0,0,0,0,8,0,0,0,0,4,2,4,0,0,4,0,0,0,0,0,0,0,0,0,0,0,0,0,0
38,AAT,2,4,0,88445,3,0,0,0,1,0,0,11,0,0,0,0,0,0,0,1,0,0,0,0,2,1,0,0,0,0,0,0,0,0,0,5,0,6,0,4,0,0,0,0,0,0,0,0,6,0,0,3,2,0,0,10,8,0,0,0,0,0,0,2
39,GCT,0,0,0,0,0,0,0,7,0,0,0,0,0,0,0,0,0,0,0,0,0,0,0,2,0,0,0,0,0,0,0,0,0,0,0,0,1,10,2,88440,0,0,0,3,0,0,0,0,0,0,0,0,0,3,1,2,0,0,0,0,0,0,6,0
40,ACT,0,0,0,6,2,24,0,88416,0,0,0,2,0,0,0,6,0,0,0,0,0,0,0,0,0,0,0,0,0,6,5,3,3,0,0,0,0,1,0,9,0,0,0,0,0,0,0,0,0,0,0,0,0,0,0,0,0,0,0,0,3,0,0,0
41,GAG,0,0,0,0,0,0,0,0,0,2,0,0,0,0,0,0,0,0,0,0,0,0,0,0,0,0,0,0,0,0,0,0,29,3,88443,2,0,0,0,0,0,0,14,0,0,0,0,0,0,0,2,0,0,0,0,0,0,0,0,0,0,0,0,0
42,CTG,0,0,0,0,0,1,0,1,0,0,0,0,0,0,2,0,0,0,1,0,0,0,2,2,0,0,0,0,3,4,88444,3,0,0,0,0,0,0,0,0,0,0,0,0,0,0,0,0,0,0,0,0,0,0,0,0,0,0,2,0,0,0,23,0
43,GTT,0,0,0,0,0,0,0,0,0,0,0,0,0,0,0,8,0,0,0,0,0,0,0,0,0,0,0,0,0,0,0,0,0,0,0,0,0,0,0,2,0,0,0,0,0,5,4,88464,0,0,0,0,0,0,0,0,0,0,0,2,0,0,0,6
44,CAG,0,0,0,0,2,2,0,6,0,0,0,0,0,0,0,0,7,0,88410,0,0,0,0,0,0,3,31,0,0,0,1,0,1,0,0,0,3,0,0,0,0,0,1,0,0,13,0,0,6,0,6,1,0,4,5,0,0,0,0,0,0,0,0,0
45,AGT,0,6,0,8,0,0,0,0,0,11,0,88437,0,0,0,4,0,2,4,0,0,0,0,0,0,0,0,13,0,0,2,0,0,1,0,0,0,0,0,0,0,0,4,8,1,0,1,0,0,0,0,0,0,0,0,0,0,0,0,0,0,0,2,0
46,TCC,0,2,1,1,0,12,0,0,1,0,0,0,0,0,0,0,0,1,0,0,0,11,0,0,0,0,0,0,0,0,0,0,0,0,1,0,0,1,1,0,1,0,2,0,0,0,0,0,0,0,0,0,8,88295,0,7,0,0,0,0,0,6,2,0
47,TCA,0,0,0,0,0,0,6,1,0,0,0,0,0,0,0,2,0,0,1,0,22,0,0,0,0,0,0,0,0,0,0,0,0,0,0,0,0,2,0,3,5,0,0,1,0,3,0,0,3,0,0,0,88398,0,5,2,1,0,0,3,4,0,1,0
48,ACA,6,0,0,0,88364,4,26,5,0,5,0,0,9,6,0,0,0,0,0,0,2,4,0,6,0,0,5,2,0,0,0,0,0,0,1,0,3,0,0,0,0,3,0,0,0,0,0,0,0,0,0,0,1,0,0,1,0,0,2,0,2,4,5,0
49,GGT,0,0,0,0,0,0,0,0,0,0,0,1,0,0,0,0,0,0,0,0,2,0,0,0,0,2,0,1,0,0,0,0,3,0,0,1,0,0,0,0,0,11,0,88484,0,0,0,5,0,0,0,1,2,0,0,0,0,0,0,1,1,0,2,2
50,GAA,8,0,9,0,0,9,0,0,3,0,4,0,0,0,55,0,7,0,0,0,0,2,0,0,0,0,1,0,1,0,2,3,88353,0,2,0,9,1,0,2,8,0,2,0,0,8,0,2,0,0,0,5,6,0,0,5,2,0,0,0,1,0,0,0
51,ATA,4,0,0,0,0,0,0,0,0,0,0,0,88449,5,16,1,0,0,0,0,0,0,0,0,0,0,0,0,1,2,0,0,0,0,0,0,0,0,0,0,0,0,0,0,5,0,0,0,0,0,0,0,0,0,0,0,0,0,0,0,0,2,0,0
52,TGC,0,0,0,0,0,0,0,0,0,0,0,0,0,0,0,0,0,0,0,0,0,0,0,0,0,7,0,0,0,0,0,0,0,0,0,2,0,0,0,0,0,0,0,0,0,0,0,1,0,1,0,0,0,0,0,0,5,88409,0,49,0,1,0,0
53,GAC,0,4,1,0,2,0,0,0,0,2,0,1,0,2,0,0,0,1,2,0,0,0,0,0,0,0,0,2,1,1,0,0,9,88443,0,11,1,2,0,2,1,10,0,0,0,0,0,0,0,3,0,0,0,0,0,0,0,0,0,0,0,0,0,0
54,AGT,0,0,0,28,0,0,8,2,2,11,3,87959,0,0,0,1,2,1,2,0,0,0,0,0,0,0,1,0,0,0,0,0,0,3,0,0,0,1,0,0,0,0,2,443,0,0,0,0,4,0,0,0,3,0,0,0,0,0,0,0,0,0,0,0
55,CCT,0,0,0,0,0,0,0,3,0,0,0,0,0,0,0,0,0,0,0,4,4,21,0,88440,0,0,0,0,0,0,0,3,0,0,0,0,0,0,0,0,0,0,0,0,0,0,0,0,6,0,1,0,0,0,0,1,1,0,0,0,0,0,0,0
56,CAT,0,0,0,0,1,0,0,0,1,0,0,0,0,0,0,0,0,7,0,88432,0,0,0,0,0,0,0,1,0,0,1,0,0,0,0,0,0,0,0,0,0,0,0,0,0,0,0,0,0,1,0,3,0,0,0,0,0,0,0,0,0,0,3,2
57,CAG,0,174,3,3,0,3,0,0,0,2,0,3,0,0,0,3,13,2,88225,0,0,0,2,0,4,0,18,0,6,1,12,0,0,0,0,0,5,1,2,0,0,0,0,1,4,0,0,0,0,0,2,0,5,3,0,2,0,0,0,0,0,0,2,0
58,ATC,0,0,0,0,0,2,0,0,0,0,0,0,0,88335,0,9,0,0,0,0,0,1,0,0,0,0,0,0,0,0,0,0,0,0,0,0,0,0,0,0,0,0,0,0,0,2,1,0,0,0,0,0,0,0,0,0,3,0,1,0,0,1,0,0
59,CTT,0,0,0,0,0,0,0,0,0,0,0,0,2,0,0,12,0,0,0,0,0,0,0,4,0,0,0,0,33,2,6,88358,0,0,0,0,0,0,0,0,0,0,0,0,0,0,3,3,2,0,1,0,0,0,0,0,3,0,0,0,0,0,0,1
60,GAT,0,1,0,0,0,0,0,1,0,0,0,0,0,0,0,0,0,0,0,0,0,0,0,0,0,0,0,0,0,0,0,0,0,4,8,88435,0,0,0,0,0,0,0,12,0,0,0,0,0,0,0,0,0,0,0,0,0,0,0,0,0,0,0,0
61,GGA,0,0,0,0,0,0,0,0,4,0,0,0,0,0,0,0,0,0,0,0,0,0,0,0,0,0,0,0,0,0,0,0,44,0,0,0,0,0,0,0,88397,0,54,1,0,0,0,0,0,0,0,0,0,0,0,0,2,0,0,0,0,0,0,0
62,AAA,88481,0,4,2,0,0,0,0,0,0,0,0,0,0,0,0,0,1,0,0,0,0,0,0,0,0,0,0,0,2,0,0,7,0,0,0,0,1,0,0,0,0,0,0,0,0,0,0,0,0,0,0,0,0,0,0,0,0,0,0,0,0,0,2
63,AAC,3,88417,0,9,0,0,1,0,0,0,3,0,0,0,0,0,0,0,1,1,0,0,0,0,0,3,0,0,0,0,0,0,0,1,0,0,0,0,0,0,0,0,0,0,0,0,0,0,2,0,0,2,0,0,0,0,0,0,0,0,0,0,0,0
64,TGC,0,0,0,0,0,0,0,0,0,0,0,0,0,0,0,0,0,0,0,0,0,0,0,0,0,2,0,0,0,0,0,0,0,0,0,5,0,0,0,0,0,0,0,0,0,0,0,0,0,32,0,0,0,2,0,0,3,88406,0,18,0,1,0,0
65,ACA,3,0,0,0,88415,2,1,0,0,0,0,0,4,0,0,0,0,0,0,0,0,0,0,0,0,0,0,0,0,0,0,0,0,0,0,0,4,0,0,0,0,0,0,0,0,0,0,0,0,0,0,0,0,0,0,0,0,0,0,0,0,0,0,0
66,CTA,0,0,0,0,0,0,0,0,0,0,0,0,3,0,0,0,0,0,0,0,12,0,0,0,0,0,0,0,88461,3,6,0,0,0,0,0,0,0,0,0,0,0,0,0,1,0,0,0,1,0,0,0,0,0,0,0,0,0,0,0,0,0,0,0
67,ATA,0,0,0,0,8,0,0,0,3,0,0,0,88441,3,15,0,0,0,0,0,0,0,0,0,0,0,0,0,0,0,0,0,0,0,0,0,0,0,0,0,0,0,0,0,7,4,0,0,0,0,0,0,0,0,0,0,0,0,0,0,3,0,1,0
68,GAT,0,0,0,1,0,0,0,0,0,0,0,0,2,0,0,0,0,0,0,0,0,0,0,0,0,0,0,0,0,0,0,0,7,4,0,88452,0,0,0,0,0,0,0,2,0,0,0,0,0,0,0,0,0,0,0,0,0,0,0,0,0,0,2,0
69,GCT,0,0,0,0,0,0,0,14,0,4,0,0,0,0,0,0,0,0,0,0,0,0,0,0,0,0,0,0,0,0,0,0,0,0,0,3,0,12,0,88465,0,0,0,2,0,0,0,7,0,0,0,0,0,0,0,0,0,0,0,0,0,0,0,5
70,CTA,0,0,0,0,0,0,0,0,0,0,0,0,0,0,0,0,0,0,0,0,11,0,0,0,2,0,0,0,88475,0,1,0,0,0,0,0,0,0,0,0,0,0,0,0,0,0,0,0,0,0,5,0,0,0,0,0,0,0,0,0,12,0,0,0
71,TTG,0,0,0,0,0,0,0,0,0,0,0,0,0,0,0,0,0,0,0,0,0,0,0,0,0,0,0,0,1,3,1,0,0,0,0,0,0,0,0,0,0,0,0,0,0,0,0,0,0,0,0,1,0,0,8,0,0,0,0,0,1,0,88495,0
72,GGA,0,0,0,0,0,0,0,0,4,0,0,0,0,0,0,0,0,0,0,0,0,0,0,0,0,0,0,0,0,0,0,0,1,0,0,0,0,0,0,0,88452,1,36,2,0,0,0,0,0,0,0,0,0,0,0,1,3,0,0,0,0,0,0,0
73,GAC,0,14,0,0,0,0,0,0,0,0,0,0,0,0,0,0,0,0,0,0,0,0,0,0,0,0,0,0,0,0,0,0,1,88429,0,11,0,0,0,0,0,7,0,0,0,2,0,0,0,2,0,0,0,0,0,0,3,0,0,0,0,0,0,0
74,CCT,0,0,0,0,0,0,4,8,0,0,0,0,0,0,0,0,0,0,0,4,0,21,1,88441,0,0,0,0,0,0,0,0,0,0,0,0,0,0,0,0,0,0,0,0,0,0,0,0,0,0,0,0,0,0,0,2,2,0,0,0,0,0,0,0
75,CAG,0,0,1,2,0,0,3,0,0,0,0,0,0,0,0,0,2,1,88423,18,0,0,3,0,0,0,28,0,0,0,0,0,0,1,0,1,0,0,6,0,0,0,3,0,0,0,0,0,0,0,11,0,0,0,0,0,0,0,0,0,0,0,0,0
76,TGT,0,0,0,0,0,0,0,0,0,0,0,0,0,0,0,0,0,0,0,0,0,0,0,0,0,0,0,3,0,0,0,0,0,0,0,0,0,0,0,0,0,0,0,0,0,0,0,0,0,0,1,4,0,0,0,0,0,2,0,88509,0,0,0,0
77,GAT,0,0,0,9,0,0,0,0,0,0,0,0,0,0,0,0,0,0,0,1,0,0,0,0,0,0,0,0,0,0,0,0,0,3,0,88443,0,0,0,0,0,0,0,40,0,0,0,3,0,0,0,0,1,0,0,0,0,0,0,0,0,0,0,0
78,GAC,0,1,0,0,0,0,0,0,0,4,0,0,0,0,0,0,1,0,0,0,0,0,0,0,0,0,0,0,0,0,0,0,9,88476,0,1,0,0,0,0,0,8,0,0,0,0,0,4,0,2,0,0,0,0,0,0,0,0,0,0,0,0,0,0
79,TTC,0,0,0,0,0,0,0,0,0,0,0,0,0,4,0,0,0,0,0,0,0,4,0,0,0,0,0,0,9,8,2,2,0,0,0,0,0,0,0,0,0,0,0,0,0,0,0,0,2,0,0,0,0,8,0,0,9,0,0,0,11,88446,0,4
80,CAA,0,0,0,3,3,0,0,0,0,0,0,0,0,4,0,0,92586,4,2,3,6,0,0,0,13,0,0,0,0,2,0,0,3,0,0,3,0,0,0,0,0,1,0,2,0,0,1,0,2,0,0,0,0,0,0,0,5,0,0,0,0,0,0,0
81,AAT,0,12,0,92639,0,0,0,0,2,0,0,2,0,0,0,3,0,0,0,2,0,0,0,0,0,0,0,0,0,0,0,0,0,2,0,8,0,0,0,0,0,0,0,0,0,0,0,0,0,0,0,0,0,0,0,0,0,0,0,0,2,0,0,0
82,AAG,1,0,92582,3,6,0,0,0,0,2,15,0,4,0,2,0,0,2,5,0,0,0,0,0,0,3,0,0,0,2,0,0,0,0,13,0,0,3,7,0,0,0,0,0,2,0,1,0,0,0,1,0,0,0,0,3,0,0,0,0,0,0,3,0
83,AAA,92618,0,3,0,0,0,1,0,0,0,0,1,0,0,0,1,0,0,1,0,0,0,0,0,0,1,0,2,0,0,0,0,11,0,4,0,0,0,0,0,0,0,0,0,0,0,0,0,3,0,0,0,2,1,1,1,0,0,0,0,0,0,0,0
84,TGG,0,0,0,1,2,0,0,0,0,0,0,0,0,0,0,0,0,0,0,0,0,0,0,0,0,0,1,0,0,0,0,0,0,0,0,0,0,0,0,0,0,0,0,0,0,0,0,0,0,0,3,0,0,0,0,0,3,0,92656,1,0,0,5,0
85,GAC,0,9,0,1,0,0,0,0,0,0,0,1,0,4,0,0,0,1,0,0,0,0,0,0,0,0,0,0,0,0,0,0,1,92610,0,9,0,0,0,0,0,8,0,0,0,0,0,0,0,0,0,0,0,0,0,0,1,0,0,0,0,0,0,0
86,CTT,0,0,0,0,0,3,0,0,0,0,0,0,0,0,0,0,0,0,0,4,0,2,0,31,0,0,0,233,4,3,5,92367,0,0,0,0,0,0,0,0,0,0,0,0,0,0,0,2,0,0,0,0,0,1,0,0,0,0,0,0,2,0,0,4
87,TTT,0,0,0,0,0,0,0,0,0,0,0,0,0,0,0,0,0,0,0,0,2,0,0,0,0,0,0,0,0,0,0,4,0,0,0,0,0,0,0,0,0,0,0,0,0,0,0,0,0,2,132,0,0,0,0,1,0,0,0,3,0,11,0,92480
88,GTT,0,0,0,0,0,0,0,0,0,0,0,0,0,0,0,2,0,0,0,0,0,0,0,0,0,0,0,0,1,0,1,7,0,0,0,0,0,0,0,2,0,0,0,0,6,13,5,92594,1,0,0,0,0,0,0,0,0,0,0,0,0,0,4,5
89,GAA,9,0,0,0,0,0,0,0,0,0,0,0,0,2,0,0,0,0,0,0,0,0,0,0,0,0,0,0,0,0,0,0,92636,0,7,0,0,0,0,0,3,0,0,0,0,0,0,0,0,0,0,0,0,0,0,0,0,0,0,0,3,0,0,0
90,CGC,0,0,0,0,0,0,0,0,2,10,0,0,0,0,0,0,0,35,0,0,0,0,0,0,1,92575,4,9,0,0,0,0,0,0,0,0,0,0,0,0,0,0,0,0,0,0,0,0,0,0,0,0,0,0,0,0,0,6,0,0,0,0,0,0
91,AGC,0,20,0,0,0,0,3,0,2,92536,0,33,0,2,0,0,0,2,0,0,0,0,2,0,0,0,0,0,0,0,3,0,0,0,0,0,0,0,0,0,0,6,0,0,0,0,0,0,0,0,0,0,0,0,0,4,0,0,0,0,0,0,0,0
92,AAA,92525,2,14,1,18,9,4,0,3,16,2,3,0,0,4,0,4,1,0,4,0,0,0,0,0,2,1,0,2,0,1,0,14,0,0,0,0,3,2,0,2,0,5,0,0,0,1,0,0,2,0,5,3,0,4,0,1,0,4,0,0,1,0,0
93,GCC,0,0,0,0,0,9,0,0,1,0,0,0,0,0,0,0,0,0,0,0,0,1,4,0,0,0,0,0,0,0,0,0,0,0,0,0,5,92609,1,1,0,4,0,0,0,3,0,0,3,0,0,0,0,7,0,0,0,0,0,0,0,0,0,0
94,TAC,16,0,3,0,0,3,0,9,0,0,4,0,0,3,0,0,5,66,673,0,0,0,0,0,3,2,0,0,0,2,0,0,2,0,0,0,0,3,2,0,0,0,0,2,6,0,4,0,3,91811,4,12,0,4,2,0,0,8,0,0,0,1,0,0
95,AGC,0,8,0,0,0,0,0,0,3,92611,1,5,0,0,0,0,2,0,5,0,0,1,0,0,0,4,0,0,0,0,0,0,0,0,0,0,0,0,0,0,2,4,0,1,0,0,0,0,0,0,0,0,0,0,0,5,0,3,0,0,0,0,0,0
96,AAC,0,92594,0,13,0,1,7,2,0,8,3,2,0,0,0,0,0,0,0,0,0,0,0,0,0,0,0,0,0,0,0,0,0,5,0,0,3,1,0,0,1,0,0,0,0,0,0,0,0,0,0,0,4,8,2,3,0,0,0,0,0,0,0,0
97,TGT,0,0,0,0,0,0,0,0,0,0,0,0,0,0,0,0,0,0,0,0,0,0,0,0,0,0,0,6,0,0,0,1,0,0,0,0,0,0,0,0,0,0,0,0,0,0,0,0,0,0,0,6,0,0,0,0,0,12,0,92635,0,0,0,6
98,TAC,0,1,0,0,0,0,0,0,0,0,0,0,0,0,0,0,0,12,0,0,0,0,0,0,0,0,0,0,1,0,0,0,0,0,0,0,0,0,0,0,0,0,0,0,0,0,0,0,4,92628,0,6,0,0,0,0,0,9,0,0,0,3,0,0
99,CCT,0,0,0,0,0,0,0,0,0,0,0,0,0,0,0,0,0,0,0,1,1,38,6,92589,0,0,0,0,0,0,0,2,0,0,0,0,0,1,0,0,0,0,0,0,0,0,0,0,0,0,0,0,0,0,0,0,0,0,0,0,0,0,0,0
100,TAT,0,0,0,0,0,0,0,0,0,0,0,0,0,0,0,0,0,0,0,13,0,0,0,5,0,0,0,0,0,0,0,0,0,0,0,0,0,0,0,0,0,0,3,0,0,1,0,0,0,5,1,92613,0,0,0,0,1,0,0,4,0,0,0,0
101,GAT,1,0,0,4,0,0,0,0,0,0,0,0,0,0,0,0,0,0,0,0,0,0,0,0,0,0,0,0,0,0,0,0,5,38,1,92099,0,0,0,0,1,0,0,13,482,0,1,0,0,0,0,2,0,0,0,0,0,0,0,0,0,0,0,0
102,GTG,0,0,0,0,0,0,0,0,0,15,0,0,5,0,9,0,0,0,0,0,0,0,0,0,0,0,0,0,0,0,0,0,0,0,2,0,0,0,2,0,0,0,0,0,24,1,92523,0,0,0,0,0,0,0,0,0,0,0,0,0,0,0,2,0
103,CCG,0,1,0,2,0,0,119,0,0,1,0,2,0,0,8,0,0,6,5,0,12,4,92348,5,0,0,0,0,0,0,13,0,5,1,3,8,0,0,0,0,0,2,0,0,1,0,0,0,0,0,2,0,0,0,44,0,0,0,0,0,1,0,2,0
104,GAT,0,0,0,2,0,0,0,0,0,0,0,0,0,0,0,0,0,0,0,1,0,0,0,0,0,0,0,0,0,0,0,0,0,3,0,92452,0,0,0,74,0,0,0,8,0,0,0,0,0,0,0,2,0,1,0,0,0,0,0,0,0,0,0,0
105,TAT,0,0,0,0,0,0,0,0,0,0,0,0,0,0,0,0,0,3,0,10,0,0,0,0,0,0,0,0,0,0,0,0,0,0,0,0,0,0,0,0,0,0,0,0,0,0,0,0,0,2,0,92588,0,0,0,0,0,0,0,11,0,0,0,0
106,GCC,0,0,4,0,0,35,0,0,0,0,0,0,0,0,0,0,0,1,0,3,0,1,0,0,0,0,0,0,0,8,0,0,2,4,0,2,11,92274,0,6,0,0,41,0,0,65,0,0,0,0,0,0,0,7,0,3,0,0,4,0,0,0,0,0
107,TCC,0,0,0,0,0,3,1,8,0,3,0,0,0,0,0,0,0,0,0,0,0,7,0,0,0,0,0,0,0,0,0,0,0,0,0,0,0,0,0,0,0,0,0,0,0,3,0,0,0,1,0,0,4,92631,0,6,0,0,0,0,0,1,0,0
108,CTT,0,0,0,0,0,0,0,0,0,0,0,0,0,0,0,4,0,0,0,0,0,0,0,22,0,1,0,0,2,9,0,92594,0,0,0,0,0,0,0,0,0,0,0,0,0,0,0,0,0,0,0,0,0,0,0,0,0,0,0,0,2,0,0,5
109,AGG,1,0,0,0,0,0,1,0,1,0,92600,2,0,0,2,0,0,0,0,0,0,0,0,0,0,0,2,0,0,0,0,0,0,0,0,0,0,0,0,0,0,0,6,0,0,0,0,0,0,0,0,0,0,0,0,0,0,0,1,0,0,0,0,0
110,TCA,1,0,0,0,0,0,0,0,0,0,0,0,0,0,0,0,0,3,0,0,5,0,0,0,0,0,0,0,0,0,1,0,0,0,0,0,0,2,0,0,0,0,0,0,0,0,0,0,0,0,0,0,92599,4,8,5,1,0,0,0,3,0,0,0
111,CTA,0,0,0,0,0,0,0,0,0,0,0,0,0,0,0,0,3,4,0,0,12,0,0,0,0,0,0,0,92598,1,8,12,0,0,0,0,0,0,0,0,0,0,0,0,0,0,0,0,0,0,0,0,0,0,0,0,0,0,0,0,4,0,0,0
112,GTT,0,0,0,0,0,0,0,0,0,0,0,0,0,0,0,3,0,0,0,0,0,0,0,0,0,0,0,0,0,0,0,1,0,0,0,0,0,0,0,13,0,0,0,0,0,8,0,92638,0,0,0,0,0,0,0,0,0,0,0,0,0,0,0,2
113,GCC,0,0,0,0,0,6,0,0,0,0,0,0,0,0,0,0,0,0,0,0,0,0,0,0,0,0,0,0,0,0,0,0,0,0,0,0,2,92521,6,5,0,0,0,1,0,8,0,0,0,0,0,0,0,3,0,0,0,0,0,0,0,0,0,0
114,TCA,0,0,0,0,1,0,0,0,0,0,0,0,0,0,0,0,2,0,0,0,30,0,0,0,0,0,0,0,0,0,0,0,0,0,0,0,4,0,0,0,0,0,0,0,0,0,0,0,1,0,3,0,92517,1,4,1,0,0,0,0,5,0,0,0
115,TCC,0,0,0,0,0,0,0,0,0,0,0,0,0,0,0,0,0,0,0,0,0,4,0,0,0,0,0,0,0,0,0,0,0,0,0,0,0,0,0,1,0,0,0,0,0,1,0,0,0,0,0,0,5,92621,3,15,3,0,0,0,0,1,1,0
116,GGC,0,0,0,0,0,0,0,0,0,10,0,0,0,0,0,0,0,0,0,0,0,0,0,0,0,0,0,0,0,0,0,0,0,69,0,0,0,1,0,0,3,92441,0,17,0,0,0,0,0,0,0,0,0,0,0,0,0,0,0,0,0,2,0,0
117,ACA,2,0,0,0,92595,3,4,0,1,4,0,0,2,0,0,0,0,0,0,0,3,0,0,0,0,0,0,0,0,0,0,0,0,0,0,0,1,0,0,0,0,0,0,0,0,0,0,0,0,0,0,0,2,0,0,0,0,0,0,0,0,0,0,0
118,CTG,0,0,0,0,0,0,0,0,0,0,0,0,0,0,2,0,0,0,3,0,0,0,27,0,0,0,7,0,23,2,92436,1,0,0,0,0,0,0,0,0,0,0,0,5,0,0,2,0,0,0,0,0,0,0,0,0,0,0,0,0,2,0,2,0
119,GAG,0,0,0,0,0,0,0,0,0,0,0,0,0,0,0,0,0,2,0,0,0,0,0,0,0,0,0,0,0,0,0,0,5,0,92607,2,0,0,0,0,0,0,4,0,0,0,0,0,0,0,0,0,0,0,0,0,0,0,0,0,0,0,0,0
120,TTT,0,0,0,0,0,0,0,0,0,0,0,0,0,0,0,0,0,0,0,0,0,0,0,0,0,0,0,0,0,0,0,9,0,0,0,0,0,0,0,0,0,0,0,0,0,0,0,0,0,0,0,0,0,0,0,3,2,0,0,0,0,2,0,92529
121,AAC,3,92531,2,3,0,8,4,1,0,15,0,0,4,0,0,7,0,6,0,3,0,0,0,0,0,0,0,0,0,1,0,0,1,12,5,0,0,0,0,2,0,2,0,0,0,0,3,0,0,3,0,0,0,0,0,0,0,0,0,0,0,12,0,0
122,AAT,4,1,0,92555,2,1,0,1,0,0,0,10,0,0,0,3,0,0,3,3,7,0,0,0,1,1,0,0,1,0,4,0,2,0,1,9,0,4,0,0,0,0,0,0,0,0,0,0,0,2,0,0,0,0,0,0,0,0,0,0,0,0,0,0
123,GAA,7,0,0,0,0,0,0,0,0,0,0,0,0,0,0,1,0,0,0,0,0,0,0,0,0,0,0,0,0,0,0,0,92548,3,3,0,0,0,0,0,4,0,0,0,1,2,0,0,3,0,2,0,0,0,0,0,0,0,0,0,0,0,0,0
124,AGC,0,21,0,1,0,0,0,0,2,92438,0,24,0,2,0,0,0,0,0,3,3,4,0,0,0,1,0,1,0,0,0,0,2,0,4,3,2,0,0,0,0,4,0,0,2,4,0,0,0,0,0,0,0,2,1,0,0,0,0,0,2,0,0,0
125,TTC,0,0,0,0,0,0,0,0,0,0,0,0,0,0,0,0,0,0,0,0,0,0,0,2,0,0,0,0,0,0,0,0,0,0,0,0,0,0,0,0,0,0,0,0,0,1,0,0,0,0,0,0,0,1,0,0,0,0,0,0,1,92605,0,1
126,AAT,1,3,0,92578,0,0,0,0,0,0,0,4,0,0,0,0,0,2,0,0,0,2,0,0,0,0,0,0,0,0,0,0,0,1,0,34,1,0,0,0,0,0,2,0,0,0,0,0,0,0,0,1,0,0,0,0,6,0,0,0,0,0,0,0
127,TGG,0,0,0,0,0,0,0,0,0,0,0,0,0,0,0,0,0,0,0,0,0,0,0,0,0,0,15,0,0,1,0,0,0,0,0,0,0,0,0,0,0,0,0,0,0,0,0,0,0,0,11,0,0,0,0,0,2,0,92568,6,0,0,1,0
128,ACT,0,0,1,0,4,14,1,92524,0,0,0,0,0,0,0,5,0,0,2,1,0,0,0,0,0,0,0,0,2,1,0,3,0,0,0,0,0,0,0,6,0,0,0,0,0,0,0,0,0,0,0,0,0,1,0,2,0,0,0,0,0,0,0,0
129,GGA,0,0,0,0,0,0,0,7,6,0,0,0,0,0,0,0,0,0,0,0,0,0,0,0,0,0,0,0,0,0,0,0,4,0,0,0,0,0,1,0,92407,0,16,1,6,0,0,0,0,0,0,0,0,0,0,0,2,0,0,0,0,4,0,0
130,GTC,0,0,0,0,0,0,0,0,0,0,0,0,0,1,0,0,0,0,0,0,0,0,0,0,0,0,0,0,0,1,0,0,0,0,0,0,0,1,0,0,0,0,0,0,1,92607,0,18,0,0,0,0,0,0,0,0,0,0,3,0,0,5,0,0
131,ACT,0,2,0,2,1,43,0,91163,0,0,0,0,0,0,0,141,16,0,0,0,0,0,0,1,0,0,2,0,0,0,0,0,1,0,0,0,0,0,0,2,0,0,0,0,4,0,0,5,0,0,0,0,1238,0,0,0,0,6,0,0,0,0,0,0
132,CAA,1,0,0,0,0,0,0,0,0,0,0,0,0,3,0,0,92610,0,5,0,1,0,0,0,9,0,0,0,1,0,0,0,2,0,4,0,0,0,0,0,0,0,0,0,0,0,0,2,0,0,0,0,0,0,0,0,0,0,0,0,0,0,0,0
133,AAC,11,92459,1,16,0,4,0,0,0,6,0,0,0,0,2,0,0,0,0,0,0,0,0,0,0,0,0,0,0,0,0,0,0,131,0,2,0,0,0,0,0,0,0,0,0,0,0,0,0,0,0,0,0,0,0,5,0,0,0,0,0,0,0,0
134,GGA,0,0,0,0,0,0,0,0,9,0,0,0,0,0,0,0,0,0,0,0,0,0,0,0,0,0,0,0,0,0,0,0,4,0,0,0,6,0,0,0,92594,0,24,2,1,0,0,0,0,0,0,0,0,0,0,0,1,0,0,0,0,0,0,0
135,ACA,2,1,0,0,92607,0,3,0,0,0,0,0,2,0,0,0,1,0,0,0,0,0,0,0,0,0,0,0,0,0,0,0,0,0,0,0,2,0,0,0,0,0,0,0,9,0,0,9,0,0,0,0,0,0,1,0,0,0,0,0,0,0,0,0
136,AGC,0,4,0,0,1,5,0,1,1,92589,2,5,0,0,0,0,0,1,0,0,0,0,0,0,0,0,0,0,0,0,0,0,0,0,0,0,0,0,0,0,0,4,0,0,0,0,0,0,0,0,0,0,0,0,0,0,0,2,0,0,0,0,0,0
137,TCT,0,0,0,0,0,0,0,1,0,0,0,0,0,0,0,0,0,0,0,3,0,0,0,1,0,0,0,1,0,0,0,0,0,0,0,0,0,0,7,0,0,15,0,0,0,0,0,0,0,0,0,1,12,4,0,92557,0,0,0,0,0,0,0,3
138,GCT,0,0,0,0,7,1,0,13,0,0,0,0,0,0,3,0,0,1,0,0,0,0,0,0,0,0,0,0,4,0,1,0,0,0,0,0,5,7,0,92553,0,0,6,0,0,0,0,5,0,9,0,0,0,0,0,0,0,0,4,0,0,0,0,0
139,TGC,0,0,0,0,0,0,0,0,0,0,0,0,0,0,0,0,0,0,0,0,0,0,0,0,0,11,0,0,0,0,0,0,0,0,0,0,0,0,0,0,0,0,0,0,0,0,0,0,0,5,0,0,0,0,0,0,0,92553,9,12,0,6,0,0
140,ATA,0,0,0,0,1,0,0,0,0,0,0,0,92548,0,21,0,2,0,0,0,0,0,0,0,0,0,0,0,0,0,0,0,0,0,0,0,0,0,0,0,0,0,0,0,9,0,0,0,0,0,0,0,0,0,0,0,0,0,0,0,3,0,0,0
141,AGG,0,0,8,0,0,0,0,0,2,0,92621,0,0,0,2,0,0,0,0,0,0,0,0,0,2,0,0,0,0,0,0,0,0,0,0,0,0,0,0,0,0,0,2,0,0,0,0,0,0,0,0,0,0,0,0,0,0,0,1,0,0,0,0,0
142,AGA,8,1,3,0,1,0,0,0,92583,1,3,5,0,0,0,0,0,0,0,0,0,0,0,0,1,0,2,0,0,0,0,0,0,5,0,1,2,0,0,0,3,0,0,0,0,0,0,0,0,0,0,0,0,0,0,0,0,0,0,0,0,0,0,0
143,TCT,0,0,0,0,0,0,0,0,4,2,0,0,0,0,0,0,0,0,0,0,0,0,0,1,0,0,0,0,0,0,0,0,0,27,0,0,0,0,0,0,12,0,3,13,0,0,0,0,0,0,0,1,1,16,0,92547,0,0,0,0,0,0,0,0
144,AAA,92627,9,0,0,3,0,8,0,4,0,0,0,0,0,0,0,0,0,0,0,0,0,0,0,0,1,0,0,0,0,0,0,15,0,0,0,0,0,0,0,0,0,0,0,0,0,0,0,0,0,0,0,0,0,0,4,0,0,0,0,0,0,0,1
145,AAC,2,92567,0,0,0,1,0,0,0,5,0,0,0,0,0,0,0,0,0,0,4,0,0,5,0,1,0,0,0,0,0,0,0,4,44,0,0,2,1,0,0,0,0,0,0,0,0,0,0,0,0,0,2,0,0,0,4,0,0,0,0,0,0,0
146,AGT,0,0,0,2,0,0,0,0,0,6,0,92606,0,0,0,0,0,0,0,0,0,0,0,0,0,0,0,3,0,0,0,0,0,0,0,0,0,0,0,0,0,0,0,7,0,2,0,0,0,0,0,0,0,0,0,0,0,0,0,0,0,0,0,0
147,TTC,0,0,0,0,0,0,0,0,0,0,0,0,0,0,0,0,0,0,0,0,0,0,0,0,0,0,0,0,0,1,0,0,0,0,0,0,0,0,0,0,0,0,0,0,0,0,0,0,0,0,0,0,0,8,0,0,0,0,0,0,0,92645,0,4
148,TTT,0,0,0,0,0,0,0,0,0,0,0,0,0,0,0,2,0,2,0,0,0,0,0,0,0,0,0,0,0,0,0,2,0,0,0,0,0,0,0,0,0,0,0,0,0,0,0,0,0,0,0,0,0,0,0,0,0,0,0,0,0,1,0,92658
149,AGT,0,0,0,0,0,0,0,0,0,4,0,92627,0,0,0,2,0,1,3,0,0,0,0,0,0,0,0,0,0,0,0,0,6,0,0,0,0,0,0,0,0,0,0,8,0,0,0,0,0,0,0,0,0,0,4,0,0,0,0,2,0,0,0,0
150,AGA,1,0,0,0,0,0,0,0,92619,0,1,0,0,0,0,0,0,0,0,0,0,0,0,0,2,0,2,0,0,0,0,0,0,0,0,0,0,0,0,0,6,0,0,0,0,0,0,0,0,0,0,0,0,0,0,0,0,0,0,0,0,0,0,0
151,TTG,0,0,0,0,0,0,0,0,0,0,0,0,0,0,1,0,0,0,0,0,0,0,0,0,0,0,0,0,0,2,6,3,0,0,0,0,0,0,0,0,0,0,0,0,0,0,0,0,0,0,1,2,0,0,7,0,0,0,0,0,9,0,92575,2
152,AAT,1,1,1,92604,1,0,0,2,0,0,0,1,0,0,0,0,0,0,0,0,0,0,0,0,0,0,0,0,0,0,0,0,0,0,0,2,0,0,0,0,0,0,0,0,0,0,0,0,0,0,0,0,0,0,0,0,0,0,0,0,0,0,0,0
153,TGG,0,0,0,0,0,0,0,0,0,0,0,0,0,0,0,0,0,0,0,1,0,0,0,0,0,0,8,0,0,0,0,0,0,0,0,0,0,0,0,0,0,0,0,0,0,0,0,0,0,0,4,0,0,0,0,0,3,0,92631,0,0,0,0,0
154,TTG,0,0,0,0,0,0,0,0,0,0,0,0,0,0,0,2,0,0,0,0,0,0,0,0,0,0,0,0,0,0,10,0,0,0,0,0,0,0,0,0,0,0,0,0,0,0,0,0,0,728,0,0,0,0,9,0,0,0,0,0,9,0,91858,3
155,ACC,0,1,0,0,13,92443,7,5,0,1,0,0,0,3,0,0,0,0,0,0,0,0,0,0,0,0,4,0,0,0,0,0,0,0,0,0,0,14,0,0,0,0,0,0,0,0,0,0,0,0,0,0,0,6,0,0,0,0,0,0,0,0,0,0
156,CAC,0,3,0,0,0,0,0,0,0,0,0,0,0,0,0,0,12,92564,2,16,3,3,0,0,0,6,0,0,0,0,3,0,1,0,2,0,0,0,2,0,0,0,0,0,0,0,0,0,0,3,0,0,3,2,0,8,0,0,0,0,0,0,0,0
157,TTA,3,0,0,0,2,2,0,2,0,0,2,2,0,0,3,1,0,8,0,2,0,0,0,0,0,0,0,1,24,4,0,0,9,18,3,5,1,0,0,0,0,1,0,0,0,0,3,0,0,0,0,0,11,0,3,5,0,0,0,0,92484,0,36,0
158,AAC,0,92394,0,189,0,1,0,0,0,3,0,0,0,0,0,0,0,0,0,0,0,0,0,0,0,0,0,0,0,0,0,0,0,4,0,2,0,0,0,0,0,3,0,0,0,0,0,0,0,0,0,0,1,0,0,0,0,0,0,0,0,0,0,0
159,TTC,5,16,0,0,4,20,6,3,0,10,31,3,0,0,0,0,772,9,0,1,0,0,0,0,1,10,0,1,2,5,0,0,0,1,801,8,3,147,0,0,2042,693,1759,586,0,2,0,0,0,0,1,4,46,30,13,381,0,1,0,0,3,85156,64,1
160,AAA,92128,0,9,2,2,7,4,17,8,1,2,10,2,0,0,0,2,7,1,0,298,0,0,0,1,1,1,2,0,1,0,0,21,2,6,9,0,0,0,1,0,0,1,0,1,0,2,2,0,2,0,0,14,3,4,9,0,0,0,0,0,2,0,0
161,TAC,0,0,0,0,0,0,0,0,0,0,0,1,0,0,0,0,0,7,0,0,0,0,0,0,0,0,0,0,2,0,0,0,0,0,0,0,0,0,0,0,0,0,0,0,1,0,0,0,0,92582,0,9,1,0,2,0,0,13,1,0,0,8,0,5
162,CCA,0,0,0,0,3,0,2,0,0,0,0,0,0,0,0,0,2,0,0,0,92511,3,16,0,0,0,0,0,3,0,0,0,1,0,0,0,0,0,0,0,2,0,0,0,0,0,0,0,0,0,2,0,2,0,0,0,0,0,0,0,0,0,0,0
163,GCA,0,0,0,0,3,2,4,0,0,0,0,0,0,0,0,0,1,4,0,2,0,0,0,2,0,0,0,0,0,0,0,0,7,0,2,0,92541,5,3,3,0,4,0,0,15,0,0,0,0,0,0,0,0,0,0,0,0,0,0,0,0,4,0,3
164,TTG,0,0,0,0,0,1,0,0,0,0,0,0,3,0,0,0,23,0,26,0,0,0,0,0,0,0,0,0,0,0,9,0,0,0,0,0,0,1,0,0,0,0,0,0,0,0,0,0,0,0,3,0,1,0,7,0,0,0,0,0,8,0,92543,5
165,AAC,4,91831,0,24,0,0,0,0,0,11,0,0,0,0,0,0,0,728,0,14,0,1,0,0,0,0,0,0,0,0,0,1,0,5,0,0,0,0,0,0,0,0,0,0,0,0,0,0,0,1,3,0,0,0,0,0,0,0,0,0,0,0,0,0
166,GTG,0,0,0,0,0,0,0,0,0,0,0,3,0,0,10,0,0,0,0,0,0,0,0,2,0,0,0,0,0,0,0,0,0,0,0,0,0,0,2,0,0,0,0,0,8,1,92592,5,0,0,1,0,0,0,0,0,0,0,0,0,0,0,2,0
167,ACT,0,0,0,5,0,10,0,92438,0,3,0,5,0,0,0,0,0,0,0,0,0,0,0,0,0,0,0,0,0,0,0,0,0,0,0,1,0,0,0,178,0,0,0,0,0,0,0,0,0,0,3,0,0,2,0,3,0,0,0,0,0,0,0,0
168,ATG,0,0,0,0,0,0,4,0,0,0,0,0,26,0,92218,379,0,0,0,0,0,0,0,0,0,0,0,0,0,0,0,0,0,0,0,0,0,0,0,0,0,0,0,0,0,0,2,0,0,0,0,0,0,0,0,0,2,0,0,0,0,0,0,0
169,CCA,0,0,0,0,0,0,0,0,0,0,0,1,0,0,0,0,1,0,0,0,92623,0,7,0,0,0,4,0,1,0,0,0,0,0,0,0,0,0,0,0,0,0,0,0,0,0,0,0,0,0,0,0,8,0,0,0,0,0,0,0,0,0,0,0
170,AAC,3,92596,0,8,0,3,0,0,0,7,0,0,0,0,0,0,0,3,0,0,0,0,0,0,0,0,0,0,0,0,0,0,0,3,0,0,0,0,0,0,0,0,1,0,0,0,0,0,0,0,0,0,0,0,0,0,0,4,0,0,0,0,0,0
171,AAT,0,2,1,92611,0,0,0,0,0,0,0,4,0,0,0,0,0,0,0,0,0,0,0,0,0,0,0,0,0,0,0,0,0,0,0,5,0,0,0,0,0,0,0,0,0,0,0,4,0,0,0,0,0,0,0,1,0,0,0,0,0,0,0,0
172,GAA,1,4,0,0,0,0,0,0,0,0,0,0,0,0,0,0,0,1,0,0,0,0,0,0,0,0,0,0,0,0,0,0,92594,0,10,0,1,0,0,0,15,0,0,0,0,0,0,0,0,0,0,0,1,0,0,2,0,0,0,0,0,0,0,0
173,CAA,0,0,0,7,4,0,0,3,0,0,2,2,0,0,0,0,92614,2,4,4,1,2,0,0,1,0,0,0,0,0,0,0,0,1,2,0,6,1,0,0,0,0,0,0,0,5,0,0,7,0,0,0,2,0,0,0,0,0,0,0,0,0,0,0
174,TTT,0,0,0,0,0,0,0,0,0,0,0,0,0,0,0,0,0,0,0,0,0,0,0,0,0,0,0,0,0,0,0,2,0,0,0,0,0,0,0,0,0,0,0,0,0,0,0,0,2,0,0,3,0,0,0,11,0,0,3,0,0,4,0,92947
175,GAC,0,4,0,0,0,0,0,0,0,0,0,0,0,0,0,0,0,0,0,0,0,0,0,0,0,0,0,5,0,0,0,0,1,92945,0,2,0,0,0,0,0,9,0,0,0,0,0,0,0,3,0,0,0,3,0,0,0,0,0,0,0,0,0,0
176,AAA,92972,0,1,0,0,0,0,0,2,0,0,0,0,0,0,0,0,0,0,0,0,0,0,1,0,0,0,0,0,0,0,0,3,0,0,0,0,0,0,0,0,0,0,0,0,0,0,0,0,0,0,0,0,0,0,0,0,0,0,0,0,0,0,0
177,TTG,0,0,0,0,0,0,0,0,0,0,0,0,0,0,1,0,0,0,0,0,0,0,0,0,0,0,0,0,0,0,0,0,0,0,0,0,0,0,0,0,0,0,0,0,0,0,0,0,0,0,4,0,0,0,6,0,0,0,0,0,7,0,92964,1
178,TAC,0,0,0,0,0,0,0,0,0,0,0,0,0,0,0,0,0,5,0,0,0,0,0,0,0,0,0,0,0,0,0,0,0,0,0,0,2,0,0,0,0,0,0,0,0,0,0,0,1,92917,0,7,0,0,0,0,0,18,0,0,0,0,0,0
179,ATT,0,0,0,0,0,0,0,2,0,0,0,1,1,3,0,92972,0,0,0,0,0,0,0,0,0,0,0,0,0,0,0,2,0,0,0,0,0,0,0,0,0,0,0,0,0,0,0,8,0,0,0,0,0,0,0,0,0,0,0,0,0,0,0,0
180,TGG,0,0,0,0,0,0,0,0,0,0,0,0,0,0,0,0,0,0,0,0,0,5,0,0,0,0,3,0,0,0,0,0,0,0,0,0,0,0,0,0,0,0,0,0,0,0,0,0,0,0,1,0,0,0,0,0,2,0,92936,1,0,0,5,0
181,GGG,0,0,0,0,0,0,0,0,0,0,2,0,0,0,0,0,0,0,0,0,0,0,0,0,0,0,0,0,0,0,0,0,0,0,2,0,0,0,0,0,19,3,92942,5,0,0,0,0,0,0,0,0,0,0,0,0,0,0,3,0,0,0,0,0
182,GTT,0,0,0,0,0,0,0,0,0,0,0,0,0,0,0,21,0,0,0,0,0,0,0,0,0,0,1,0,0,0,0,0,0,0,0,3,0,0,0,0,0,0,0,3,0,7,0,92878,0,0,0,2,0,0,0,0,0,0,0,0,0,0,0,2
183,CTC,0,0,0,0,1,0,0,0,0,0,0,0,0,5,0,0,0,5,0,1,0,32,0,0,0,6,0,0,6,92866,2,5,0,0,0,0,0,0,0,0,0,0,0,0,0,0,0,0,0,0,0,0,0,0,0,0,0,0,0,0,0,31,0,0
184,CAC,0,2,0,371,0,0,2,0,0,0,0,0,2,0,0,0,3,92563,2,6,0,0,0,0,0,2,0,0,0,0,0,2,0,0,1,0,0,0,0,0,1,0,0,0,0,0,0,0,0,12,0,0,0,1,0,0,0,0,0,0,0,0,0,0
185,CCG,0,0,0,0,1,5,0,0,0,0,0,0,0,0,0,0,0,0,4,0,23,3,92908,6,0,0,1,0,0,0,13,0,0,0,0,0,0,0,0,3,0,0,0,0,0,0,0,0,0,0,0,0,0,0,3,0,0,0,0,0,0,0,0,0
186,GGT,0,0,0,11,0,0,0,0,0,0,0,22,0,0,0,0,0,0,0,0,0,0,0,4,0,0,0,0,0,0,0,0,0,0,2,23,4,10,5,6,0,7,3,92858,0,0,0,5,0,0,0,0,4,0,0,0,0,0,0,2,0,0,0,0
187,ACG,2,0,4,1,15,0,91988,6,0,0,2,0,0,0,26,0,0,0,0,0,0,0,0,0,0,0,0,0,0,0,0,0,1,0,864,0,0,0,4,0,6,0,4,0,0,0,0,0,0,0,0,0,1,11,1,9,0,0,0,0,0,0,0,0
188,GAC,0,7,0,0,9,0,0,0,0,0,0,0,6,22,1,0,2,0,5,0,1,0,0,2,0,0,0,0,7,15,5,4,6,92582,2,2,0,0,0,0,0,9,0,0,258,3,6,0,0,6,0,0,0,0,0,1,0,0,1,0,0,0,2,0
189,AAA,92769,3,9,2,6,0,0,0,7,0,0,0,0,0,0,0,0,0,1,0,0,0,0,0,0,2,0,0,2,0,0,0,10,153,0,2,0,0,0,0,0,2,0,0,0,0,4,0,0,1,0,0,0,0,0,0,0,0,0,0,0,0,0,0
190,GAC,0,7,0,0,0,0,0,0,0,0,0,0,0,0,0,0,0,0,0,0,0,1,0,0,0,0,0,0,0,0,0,0,1,92570,0,2,0,0,0,0,0,9,0,0,2,0,0,0,0,376,0,0,0,0,0,0,1,0,0,0,0,0,0,0
191,CAA,2,0,1,0,0,0,0,0,0,0,0,0,0,0,0,0,92943,1,1,0,4,0,0,0,12,0,0,0,0,0,0,0,0,2,2,0,0,0,0,1,0,0,0,0,0,0,0,0,4,0,0,0,0,0,0,0,0,0,0,0,0,0,0,0
192,ATC,2,9,0,4,2,11,0,3,0,0,0,0,13,91120,4,4,15,6,5,0,2,0,0,0,4,0,0,0,0,0,0,0,86,32,87,249,0,1,0,2,0,0,0,0,0,6,0,0,0,1282,0,1,7,0,0,4,0,0,0,5,0,3,0,8
193,TTC,4,607,0,275,0,1,0,6,0,2235,0,663,0,0,0,0,2531,3280,85,1075,0,0,1,0,0,0,0,0,0,0,0,0,0,2133,515,7784,2412,50,902,634,489,203,1767,437,0,0,0,0,0,1507,0,51,1439,1370,6634,582,0,0,0,0,4,53102,5,3
194,CTG,0,0,3,0,0,0,0,0,0,0,0,0,0,0,1,0,0,0,0,0,0,0,13,0,0,0,1,0,4,0,92887,5,0,0,0,0,0,0,0,0,0,0,0,0,0,0,0,0,0,0,0,0,0,0,1,0,0,0,0,0,5,0,3,0
195,TAT,0,0,0,0,0,0,0,0,0,0,0,0,0,0,0,0,0,0,0,9,0,0,0,0,0,0,0,0,0,0,0,0,0,0,0,0,0,0,0,0,0,0,0,0,0,0,0,0,1,4,0,92937,0,0,0,0,0,0,0,5,0,0,0,0
196,GCT,0,0,0,0,0,0,0,27,0,0,0,0,0,0,0,0,1,0,0,0,0,0,0,0,0,0,0,0,0,0,0,0,0,0,0,2,6,11,0,92896,0,0,0,3,0,0,0,3,0,0,0,0,0,0,0,4,0,0,0,0,0,0,0,0
197,CAA,0,0,0,0,0,0,0,0,0,0,0,0,0,0,0,0,92935,5,28,0,0,0,0,0,11,0,0,0,0,0,0,0,0,0,0,0,0,0,0,0,0,0,0,0,0,0,0,0,2,0,0,0,0,0,0,0,0,0,0,0,0,0,0,0
198,GCA,0,0,0,0,10,0,0,0,0,0,0,0,0,0,0,0,0,0,0,0,0,0,0,0,0,0,0,0,0,0,0,0,4,0,0,0,92949,0,3,2,0,0,1,0,8,0,0,0,0,0,0,0,5,0,0,0,0,0,0,0,0,0,0,0
199,TCA,0,0,0,0,0,3,0,2,0,0,0,0,0,0,0,0,447,0,3,0,3,8,9,4,0,0,0,2,0,0,0,0,0,0,4,0,0,5,0,2,0,0,3,2,0,0,0,0,0,0,0,0,92401,0,31,1,1,0,0,0,6,0,0,0
200,GGA,0,0,0,0,0,16,0,0,0,0,0,0,0,0,0,0,0,0,0,0,0,0,0,0,0,0,0,0,0,0,0,0,0,3,0,0,4,0,0,0,92911,1,13,6,1,0,1,0,0,0,0,0,2,0,0,0,3,0,3,0,0,0,0,2
201,AGG,2,0,21,0,0,2,10,9,1,0,92814,15,0,0,16,0,1,0,5,0,0,0,0,0,2,6,0,0,0,0,0,0,0,2,0,2,1,2,0,0,0,5,10,0,0,0,0,0,0,0,0,0,2,0,0,6,0,0,2,0,0,2,0,0
202,ATC,0,0,0,0,3,2,0,0,0,0,0,0,3,92862,0,3,0,0,0,0,0,0,0,0,0,0,0,0,0,0,0,0,0,0,0,0,0,0,0,0,0,0,0,0,0,7,0,1,0,0,0,0,0,0,0,0,0,0,0,0,0,0,0,0
203,ACA,2,0,0,0,92939,1,10,1,1,0,0,0,7,0,0,0,0,0,0,0,0,0,0,0,0,0,0,0,0,0,0,0,2,2,0,0,4,0,0,0,0,0,0,0,0,0,0,0,0,0,0,0,0,0,0,0,0,0,0,0,0,0,0,0
204,GTC,0,0,0,0,0,0,0,0,0,0,0,0,0,0,0,0,0,0,0,0,0,0,0,0,0,0,0,0,0,3,0,0,0,0,0,0,0,7,0,0,0,0,0,0,7,92898,4,11,0,0,0,0,0,0,0,0,0,0,0,0,0,0,0,0
205,TCT,0,0,0,0,0,0,0,2,0,0,0,0,0,0,2,0,0,0,0,0,0,0,0,3,0,0,0,0,0,0,0,0,0,0,0,0,0,0,0,0,1,0,0,0,0,0,0,0,3,0,0,0,1,21,0,92904,0,0,0,0,0,0,0,7
206,ACC,0,1,0,0,4,92956,0,6,0,0,0,0,0,2,0,0,0,0,0,0,0,0,0,0,0,0,0,0,0,0,0,0,0,0,0,0,0,4,5,0,0,0,0,0,0,0,0,0,0,0,0,0,0,0,0,0,3,0,0,0,0,0,0,0
207,AAA,92927,2,3,1,0,0,2,0,4,2,5,5,0,0,2,3,2,0,0,1,0,0,0,0,0,0,0,0,0,0,0,0,7,0,0,1,1,3,0,0,0,0,0,0,0,0,0,0,0,0,0,1,2,5,0,3,0,0,0,0,0,0,0,0
208,AGA,14,0,0,0,0,2,0,0,92785,0,5,4,1,0,1,1,0,4,2,0,0,0,0,0,10,0,0,0,0,0,0,0,2,5,3,0,0,0,0,0,54,0,2,0,0,0,0,1,0,0,0,0,0,2,3,0,0,0,0,0,1,0,0,1
209,AGC,0,4,0,0,0,0,2,0,1,92766,1,17,0,3,1,0,2,0,0,0,0,0,0,0,0,1,0,0,0,0,0,0,0,0,0,0,0,0,0,1,0,4,0,4,0,0,0,0,0,0,0,0,0,7,0,0,2,1,0,0,0,0,2,0
210,CAA,1,0,0,0,0,0,0,0,0,0,0,0,0,0,0,0,92866,0,6,1,0,0,0,0,10,0,0,0,63,0,0,1,10,0,0,0,3,0,1,0,0,0,0,0,0,2,0,0,0,0,0,0,3,0,0,0,0,0,0,1,0,0,0,0
211,CAA,4,0,0,0,0,0,3,0,0,0,0,0,0,0,0,0,92939,2,2,1,0,0,0,0,1,0,0,0,0,0,0,0,1,0,0,0,0,0,0,0,0,0,0,0,0,0,0,0,4,0,2,0,0,0,0,0,0,0,0,0,0,0,0,0
212,ATC,0,1,3,0,0,5,2,1,0,0,0,0,5,92919,0,6,0,0,0,0,0,0,0,0,2,0,1,1,0,0,0,0,0,0,1,2,0,0,0,0,0,0,0,0,0,17,0,2,0,0,0,0,3,0,0,0,0,0,5,0,0,0,0,0
213,GTA,0,0,0,0,0,0,0,0,0,0,0,0,22,3,0,0,2,0,0,2,0,0,0,0,0,0,0,0,0,0,0,0,0,0,0,0,9,0,0,0,0,0,0,0,92892,6,9,5,0,0,1,0,0,0,0,0,0,0,0,0,7,0,0,0
214,AGC,0,1,0,0,0,4,4,2,4,92887,1,14,2,6,3,0,0,4,0,0,0,0,0,4,0,0,0,3,3,0,3,5,0,0,0,0,0,6,0,0,0,10,0,3,0,0,1,0,0,2,0,0,0,3,0,0,0,1,0,0,2,0,3,0
215,CCG,0,0,0,0,3,0,8,1,0,11,4,2,0,3,0,0,1,2,3,0,19,2,92850,11,0,0,0,1,0,0,2,0,0,0,0,0,0,4,7,9,0,6,0,0,0,1,2,0,0,0,0,0,0,0,3,3,1,3,0,0,0,0,0,0
216,AAT,0,8,44,92787,0,0,2,3,1,2,0,0,2,2,0,0,4,1,0,0,1,0,0,3,0,1,0,2,0,0,0,0,4,0,0,18,0,0,0,0,2,0,0,0,4,0,2,7,0,0,1,0,1,1,2,0,0,5,0,0,0,0,0,0
217,ATC,0,0,0,0,0,11,2,0,0,0,0,0,6,92873,2,17,0,3,0,0,0,0,0,0,0,0,0,0,1,3,0,5,0,0,0,0,0,0,1,0,5,2,0,2,2,3,0,0,0,0,0,0,0,0,0,0,4,0,1,0,0,0,0,1
218,GGA,0,0,0,0,6,1,0,0,4,0,0,1,0,0,0,1,0,0,0,1,0,7,0,0,1,0,0,0,1,0,0,0,4,0,0,3,0,4,6,0,92719,3,22,1,1,0,0,1,1,0,0,0,0,0,0,1,6,0,0,0,0,0,0,0
219,TCT,0,1,0,0,3,1,29,1,0,0,0,0,1,3,4,1,3,3,0,0,3,10,0,10,0,0,0,0,0,0,5,15,1,5,8,0,4,4,0,4,1,0,1,0,3,1,4,3,0,3,0,7,2,15,2,92706,0,0,0,4,7,0,2,0
220,AGA,2,0,0,5,0,1,0,0,91511,5,11,2,7,2,0,0,0,0,0,0,0,1,3,0,2,0,0,4,2,4,5,0,1,0,2,1,2,3,2,0,20,0,1,0,3,0,0,3,0,0,0,0,2,0,1286,0,0,4,6,0,5,4,4,0
221,CCC,0,0,0,0,1,5,0,0,0,0,0,0,0,0,0,0,0,1,0,0,3,92895,4,9,0,0,0,0,0,2,0,0,0,0,0,0,5,0,0,0,0,0,0,0,0,0,0,1,0,0,0,0,0,1,0,1,7,0,0,0,1,0,0,0
222,AGA,0,0,0,0,3,7,0,2,87675,10,38,4,25,0,0,0,0,0,107,5,3,5,6,10,3,0,0,5,24,4,0,1054,782,0,1901,1,0,8,0,157,32,0,0,0,0,0,0,0,0,43,0,849,0,12,7,1,0,1,6,0,3,16,6,23
223,GTA,0,0,0,0,0,0,0,779,0,0,0,0,80,0,0,0,0,0,0,0,0,0,0,0,0,0,0,0,1,4,0,0,0,0,0,0,4,0,0,0,0,0,0,0,91963,8,21,7,0,0,0,0,0,0,0,0,0,0,0,0,2,0,0,0
224,AGG,0,5,0,4,0,0,1,0,5,0,92892,0,0,0,4,1,0,0,16,0,0,0,1,0,0,0,7,0,0,0,0,0,0,0,2,0,5,0,0,2,0,0,6,0,0,5,1,0,0,0,0,2,0,0,0,0,0,0,0,0,2,0,1,0
225,AAT,0,5,0,92921,5,0,0,0,0,0,0,1,0,0,0,0,0,0,0,3,2,0,0,0,0,0,0,0,0,0,0,0,0,0,0,4,0,6,0,0,0,7,4,3,0,0,0,0,0,0,0,0,0,0,0,0,0,0,0,0,0,0,0,0
226,ATC,0,2,1,5,11,25,0,0,0,2,0,4,3,91670,5,5,17,5,0,0,1157,0,0,0,0,0,0,0,0,0,0,0,0,0,0,0,0,0,0,2,0,0,4,0,1,24,2,0,0,0,0,0,3,0,3,0,0,0,0,0,0,3,0,0
227,CCT,0,3,0,4,134,4,18,9,0,2,0,2,0,4,0,3,4,0,0,5,0,7,7,92006,0,0,0,0,0,0,0,0,1,4,671,0,4,3,3,0,8,28,2,0,0,0,0,0,0,0,0,0,0,0,13,5,0,0,0,0,0,5,0,0
228,AGC,0,2,0,0,0,0,0,0,5,92888,0,38,0,0,0,0,0,0,0,0,0,0,0,0,0,0,0,0,0,0,0,0,0,0,0,0,0,3,0,3,0,4,0,0,0,0,0,0,0,0,0,0,1,7,0,0,0,0,0,0,0,0,0,0
229,AGA,4,0,1,0,0,0,0,0,92461,0,8,0,0,0,0,0,0,0,0,0,0,0,0,0,2,0,1,0,0,0,5,0,0,0,0,0,0,0,0,435,6,0,0,0,0,3,0,0,0,0,0,0,0,0,0,0,0,0,0,0,0,0,0,7
230,ATA,2,0,0,0,8,0,0,0,3,0,0,0,92927,0,9,0,0,0,0,0,0,0,0,0,0,0,0,0,4,0,0,0,0,0,0,0,0,0,0,0,0,0,0,0,0,0,0,0,0,0,0,0,0,0,0,0,0,0,0,0,0,0,0,0
231,AGC,0,7,0,0,1,0,1,0,3,92761,4,22,0,7,0,5,0,3,2,0,0,0,0,0,0,1,0,0,0,2,0,0,0,0,0,0,0,0,0,1,0,14,0,0,0,0,0,0,0,0,0,0,4,0,0,0,0,3,0,0,0,0,0,0
232,ATC,0,0,0,0,0,10,0,0,0,0,0,0,14,92858,0,4,0,0,0,0,0,0,0,0,0,0,0,0,2,0,0,0,0,0,0,0,0,0,0,0,0,0,0,0,0,1,2,1,0,0,0,0,0,0,0,0,0,0,0,0,0,0,0,2
233,TAT,0,0,0,0,0,0,0,0,0,0,0,0,0,0,0,0,0,0,0,11,0,0,0,0,0,0,0,0,0,0,0,0,0,0,0,0,0,0,0,0,0,0,0,0,0,0,0,0,0,9,1,92912,0,0,0,0,0,0,0,0,0,0,0,0
234,TGG,0,0,0,0,0,0,0,0,0,0,0,0,0,0,0,0,0,1,0,0,0,0,0,0,0,0,15,1,0,0,0,0,0,0,0,0,0,0,0,0,0,0,0,0,0,0,0,0,1,6,3,2,0,0,0,0,2,0,92906,2,0,0,5,0
235,ACA,1,0,0,0,92875,9,7,0,0,0,0,0,3,0,0,0,0,0,0,0,0,0,0,0,0,0,0,0,0,0,0,0,0,0,0,0,13,0,0,0,0,0,0,0,0,2,0,0,0,0,0,0,1,0,0,0,0,0,0,0,0,0,0,0
236,ATA,1,0,0,0,8,0,0,0,0,0,2,0,92885,2,28,8,6,0,0,0,0,0,0,0,0,0,0,0,0,0,0,0,0,0,0,0,0,0,0,0,0,0,0,0,10,0,0,0,0,0,0,0,0,0,0,0,3,0,0,0,6,0,0,0
237,GTA,0,0,0,0,0,0,0,0,0,0,0,0,7,0,0,0,0,0,0,0,0,0,0,0,0,0,0,0,1,0,0,0,0,0,0,0,13,0,0,0,0,0,0,0,92909,3,15,1,0,0,0,0,0,0,0,0,0,0,0,0,0,0,0,0
238,AAA,92884,5,4,0,0,0,0,0,14,0,0,0,0,0,0,0,7,0,0,0,0,3,0,0,0,0,0,0,0,0,0,0,5,0,0,0,0,0,0,0,0,0,0,0,0,0,0,0,0,0,0,0,0,0,0,0,0,0,0,0,0,0,0,0
239,CCG,0,0,0,0,0,0,1,0,0,0,0,0,0,0,0,0,0,0,3,0,13,6,92925,4,0,0,4,0,0,0,10,0,0,0,0,0,0,0,0,0,0,0,0,0,0,0,0,0,0,0,0,0,0,0,2,0,0,0,0,0,0,0,0,0
240,GGA,0,0,0,0,0,0,1,0,4,0,0,0,0,0,0,0,0,0,0,0,0,0,0,0,0,0,0,0,0,0,0,0,2,0,0,0,5,0,0,0,92931,0,12,3,4,0,0,0,0,0,0,0,0,0,0,0,0,0,0,0,0,0,0,0
241,GAC,0,6,0,0,0,0,0,0,0,0,0,0,0,0,0,0,0,0,0,0,0,0,0,0,0,0,0,0,0,0,0,0,4,92912,0,4,0,0,0,0,0,1,0,0,0,0,0,0,0,0,0,0,0,0,0,0,0,0,0,0,0,0,0,0
242,ATA,1,0,0,0,9,1,2,4,0,0,3,0,92900,2,15,4,3,0,0,0,0,0,0,0,0,2,0,0,0,0,0,1,0,0,1,0,0,0,2,0,0,0,0,0,7,1,0,5,0,0,0,0,0,0,1,9,0,1,0,3,1,0,0,0
243,CTT,0,0,0,0,0,0,0,0,0,0,0,0,0,0,0,1,2,0,0,0,0,0,0,3,0,0,0,2,16,5,2,92937,0,0,0,0,0,0,0,0,0,0,0,0,0,0,0,3,2,0,0,0,0,0,0,0,0,0,0,0,3,0,2,0
244,TTG,1,14,0,2,0,0,0,0,0,2,0,3,0,52,2,1,6,2,7,14,0,0,0,0,0,0,0,0,0,8,3,0,3,0,1,0,6,1,2,3,0,0,1,0,0,0,1,0,0,5,0,4,2,3,11,5,0,0,0,8,14,3,92724,19
245,ATT,0,0,0,0,0,0,0,7,0,0,0,0,1,11,4,92874,0,0,0,0,0,0,0,0,0,0,1,0,0,0,3,0,0,0,0,0,0,0,0,0,0,0,0,0,0,0,0,2,0,0,0,0,0,0,0,0,0,0,0,0,0,0,0,0
246,AAC,7,92606,0,12,0,7,0,0,0,5,0,0,0,2,0,0,0,0,0,0,0,0,0,0,0,0,2,0,0,0,0,0,293,7,0,0,0,0,0,0,1,0,0,0,0,0,0,0,0,1,0,0,0,0,3,0,0,0,0,0,0,0,3,0
247,AGC,0,9,0,0,0,1,0,0,4,92824,1,8,0,0,3,0,0,0,0,0,0,0,0,0,0,0,0,0,0,0,0,0,0,0,0,0,1,0,2,0,0,22,0,0,0,0,0,0,0,0,0,0,0,0,0,4,0,1,0,0,0,0,0,2
248,ACA,2,0,0,0,92849,2,23,2,0,0,1,0,1,0,0,0,0,0,0,0,1,0,0,0,0,0,0,0,0,0,0,0,0,0,0,0,7,0,0,0,0,0,0,0,0,0,0,0,0,0,0,0,2,0,0,0,0,0,0,0,0,0,0,0
249,GGG,0,0,0,0,0,0,0,0,0,0,8,0,0,0,0,0,0,0,0,0,0,0,0,0,0,0,0,0,0,0,0,0,0,0,6,0,0,0,0,0,8,0,92870,6,0,0,5,0,0,0,0,0,0,0,0,0,0,0,6,0,0,0,1,0
250,AAT,1,4,0,92939,0,0,0,0,0,0,0,4,0,0,3,0,0,0,0,0,1,0,0,0,0,0,0,0,0,0,0,0,0,0,0,8,0,0,0,0,0,0,6,0,0,0,0,0,1,0,0,0,0,1,0,0,0,0,0,0,0,0,0,0
251,CTA,0,0,0,0,0,0,0,0,0,0,0,0,1,5,0,0,1,0,0,0,21,0,0,0,1,0,0,0,92921,0,7,4,0,0,0,0,0,0,0,0,0,0,0,0,0,0,0,0,0,0,0,1,0,0,0,0,0,0,0,0,5,0,3,0
252,ATT,0,0,0,0,0,0,0,1,0,0,0,0,7,12,0,92938,0,0,0,0,0,0,1,0,2,0,0,1,0,0,7,0,0,0,0,0,0,0,0,0,0,0,0,0,0,1,0,9,0,0,0,0,0,0,0,0,0,0,0,0,0,0,0,0
253,GCT,0,0,0,0,0,0,0,12,0,0,0,0,0,0,0,0,0,0,0,0,0,0,0,0,0,0,0,0,0,0,0,0,0,0,0,0,2,13,0,92893,0,0,0,0,0,0,0,6,0,0,0,0,0,0,0,0,0,0,0,0,0,0,0,0
254,CCT,0,0,0,0,0,0,0,1,0,0,0,0,0,0,0,0,0,0,0,1,0,10,1,92950,0,0,0,0,0,0,0,0,0,0,0,0,0,0,0,0,0,0,5,0,0,0,0,0,0,0,0,0,0,0,0,0,0,0,0,0,0,0,0,0
255,AGG,0,0,4,0,0,0,0,0,5,1,92950,1,0,0,2,0,0,0,0,0,0,0,0,1,0,0,0,0,0,0,0,0,0,0,0,0,0,0,0,0,0,0,9,0,0,0,0,0,0,0,0,0,0,0,0,0,0,0,0,0,0,0,0,0
256,GGT,0,0,0,0,0,0,0,0,0,0,0,0,0,0,0,0,0,0,0,0,0,0,0,0,0,0,0,0,0,0,0,0,0,0,0,4,0,0,0,1,0,6,1,92971,0,0,0,2,0,0,0,0,0,0,0,0,0,0,0,0,0,0,0,0
257,TAC,0,0,0,0,0,0,0,0,0,0,0,0,0,0,0,0,0,19,0,0,0,0,0,0,0,0,0,0,0,0,0,0,0,0,0,0,0,0,0,0,0,0,0,0,0,0,0,0,1,92955,2,5,0,0,0,0,0,12,0,0,0,0,0,0
258,TTC,0,0,0,0,0,3,0,1,0,0,2,0,0,3,0,0,0,0,0,5,0,0,0,0,0,0,2,0,0,12,0,0,0,0,0,0,0,0,0,0,0,0,0,0,0,1,0,0,0,6,0,7,0,19,0,0,2,1,0,0,0,92908,0,3
259,AAA,92877,2,8,0,1,0,0,0,21,0,0,0,0,0,0,4,0,0,0,0,1,1,0,0,0,0,0,0,0,0,0,0,9,0,0,0,0,0,0,0,0,0,0,0,0,1,0,0,1,0,3,0,0,0,0,0,1,0,0,0,0,0,2,0
260,ATA,0,0,0,0,6,1,0,0,3,0,0,0,92849,7,12,0,0,3,0,0,0,0,0,0,0,0,0,0,0,1,1,3,0,0,0,0,0,0,0,0,1,0,1,0,6,5,2,3,0,0,0,0,0,0,0,0,0,0,7,1,9,8,0,0
261,CGA,0,0,0,0,0,1,0,0,4,0,0,0,0,0,1,0,17,1,2,0,7,0,0,0,92830,0,8,1,2,3,0,2,0,0,0,0,0,2,0,6,9,8,6,3,0,0,1,6,0,6,0,2,5,7,6,4,21,0,0,0,0,1,0,0
262,AGT,15,0,0,2,1,0,268,1,0,5,1,92049,0,1,600,0,5,3,0,0,2,0,1,2,0,2,1,6,2,2,0,0,0,0,4,0,0,0,0,0,0,0,0,4,0,3,0,0,0,0,0,0,0,0,2,0,0,0,0,1,0,0,0,0
263,GGG,0,1,1,0,0,0,0,0,0,0,4,0,0,0,0,0,0,0,0,0,0,0,0,0,0,0,1,3,0,0,0,0,0,0,9,0,0,0,1,0,10,0,92897,0,0,0,0,0,0,0,0,0,4,0,0,0,0,0,1,0,0,0,0,0
264,AAA,92957,1,4,0,0,0,0,0,0,0,0,1,2,0,0,0,0,2,0,1,1,0,0,0,1,2,0,2,0,0,0,0,2,0,0,0,5,0,4,0,0,1,0,3,0,0,0,0,0,0,0,0,0,0,0,1,0,0,0,0,0,0,0,0
265,AGC,0,6,0,0,0,0,0,0,3,92938,0,6,0,1,0,0,0,0,0,0,0,0,0,0,0,0,0,0,0,0,0,0,0,0,0,0,0,0,0,2,0,26,0,0,0,0,0,0,0,0,0,0,0,2,0,0,0,2,0,0,0,0,0,0
266,TCA,0,0,0,0,2,2,0,0,0,0,0,0,0,0,0,0,0,0,0,0,5,0,0,0,0,0,0,0,0,0,0,0,0,0,0,0,0,0,2,0,0,0,0,0,0,5,0,0,0,0,0,0,92950,2,5,0,0,0,0,0,1,0,0,0
267,ATA,2,0,0,0,4,0,0,0,0,0,0,0,92917,1,7,4,0,0,0,0,0,0,0,0,0,0,0,0,0,0,0,0,0,0,0,0,0,0,0,0,0,0,0,0,5,8,8,0,0,0,0,0,0,0,0,0,0,0,0,0,4,0,0,0
268,ATG,0,0,0,0,0,0,0,0,0,0,0,0,5,2,92928,0,0,0,0,0,0,0,0,0,0,4,0,0,0,4,5,0,3,0,0,0,0,0,0,0,0,0,0,0,0,0,1,0,1,0,0,0,0,0,0,0,2,0,0,0,0,1,0,0
269,AGA,13,0,0,0,1,0,0,0,88336,1,0,0,0,2,0,0,0,0,0,0,0,0,0,0,0,1,12,0,0,0,0,0,0,0,0,0,0,0,0,0,7,0,0,0,0,6,0,0,0,0,0,0,0,0,0,0,1,0,0,0,0,0,0,0
270,TCA,0,0,0,0,0,2,2,0,0,2,0,261,0,8,0,1,0,0,0,0,98,0,0,0,0,2,0,0,0,0,0,0,0,0,0,0,0,0,0,0,0,0,0,0,0,0,0,0,2,0,0,0,88002,3,39,0,0,0,0,0,2,0,0,0
271,GAT,0,0,0,4,0,0,0,0,0,0,0,0,0,0,0,0,0,0,0,0,0,0,0,0,0,0,0,0,0,0,0,0,0,1,0,88430,0,0,0,0,0,0,0,4,0,0,0,0,0,0,0,1,0,0,0,0,0,0,0,0,0,0,0,0
272,GCA,0,0,0,0,9,0,0,0,0,0,0,0,0,0,0,0,0,0,0,0,0,0,0,0,0,0,0,0,0,0,0,0,4,0,0,0,88354,1,9,3,0,0,0,0,25,0,0,0,0,0,0,0,1,0,0,0,0,0,0,0,3,0,0,0
273,CCC,3,0,0,0,0,0,1,0,0,0,0,0,0,0,0,0,0,1,0,0,5,88403,1,1,0,0,0,0,0,0,0,0,0,0,0,0,0,0,0,0,0,0,0,0,0,0,0,0,0,0,0,0,0,7,0,0,0,0,0,0,0,0,0,0
274,ATT,0,0,0,0,0,0,0,1,0,0,0,0,0,16,4,88405,0,0,0,0,0,0,0,0,0,0,0,0,0,2,0,4,0,0,0,0,0,0,0,0,0,0,0,0,0,0,0,4,0,0,0,0,0,0,0,0,0,0,0,0,0,0,0,0
275,GGC,2,0,0,0,2,0,0,1,0,96,0,0,0,1,0,4,0,0,0,5,0,0,0,0,0,3,0,0,0,0,2,0,0,14,0,0,0,0,0,0,0,88087,2,29,4,5,0,147,0,0,0,0,0,0,1,0,0,1,0,0,0,0,0,0
276,AAA,88388,0,5,2,2,0,0,0,3,0,0,0,4,0,0,0,1,0,0,0,0,2,0,0,0,0,2,0,0,0,0,0,6,0,0,0,0,0,0,0,0,0,0,0,0,5,0,0,0,0,0,0,0,0,0,0,0,0,0,0,0,0,0,0
277,TGC,0,0,0,0,0,0,0,0,0,0,0,5,0,0,0,0,0,0,0,0,0,0,0,0,0,2,0,0,0,0,0,0,0,0,0,0,0,0,0,0,0,0,0,0,0,0,1,0,0,16,0,0,0,0,0,0,3,88377,3,11,0,0,0,0
278,AAT,0,1,0,88370,0,4,0,1,0,0,0,2,0,0,0,0,0,0,0,2,0,1,0,0,0,2,0,0,1,2,0,0,0,0,0,13,0,0,0,3,0,0,0,2,3,0,2,4,0,0,0,4,0,0,0,0,0,0,0,0,0,1,0,0
279,TCT,1,0,0,0,0,0,0,1,0,6,0,0,0,0,0,0,0,1,0,0,0,0,0,0,0,0,2,0,0,0,0,0,0,1,0,0,0,0,0,0,0,0,0,0,0,0,0,0,0,0,0,2,4,24,0,88358,0,0,0,1,0,6,0,4
280,GAA,5,0,0,0,0,1,0,0,0,1,0,0,0,0,1,0,1,2,0,0,0,0,0,0,0,0,0,0,0,0,0,0,88387,0,4,0,0,0,0,0,4,0,0,0,0,0,0,0,5,0,0,0,0,0,0,0,0,0,0,0,0,0,1,0
281,TGC,0,0,0,0,0,0,0,0,0,0,0,0,0,0,0,0,0,0,0,0,0,0,0,0,0,3,0,0,0,0,0,0,0,0,0,0,0,0,0,0,0,1,0,0,0,0,0,0,0,3,0,0,0,1,0,0,0,88391,0,21,0,4,0,0
282,ATC,0,0,0,0,0,4,0,0,0,1,0,0,8,88405,0,4,0,1,0,0,0,0,0,0,0,0,0,0,0,0,0,0,0,0,0,0,0,0,0,0,0,0,0,0,0,9,0,3,0,0,0,0,0,0,0,0,0,0,0,0,0,0,0,0
283,ACT,0,0,0,0,4,30,0,88383,0,0,0,2,0,0,0,4,0,0,0,0,0,0,0,0,0,0,0,0,0,0,0,0,0,0,0,0,0,0,0,4,0,0,0,0,0,0,0,0,0,0,0,0,0,0,0,0,0,0,0,0,0,0,0,0
284,CCA,0,0,0,0,1,0,0,0,0,0,0,0,0,0,0,0,1,0,3,0,88403,0,16,0,0,0,0,0,0,0,0,0,0,0,0,0,1,0,0,0,0,0,0,0,0,0,0,0,0,0,0,0,2,0,0,0,0,0,0,0,0,0,0,0
285,AAT,0,6,0,88393,0,0,0,0,0,0,0,2,0,0,0,0,0,0,0,0,0,0,0,0,0,0,0,0,0,0,0,2,0,0,0,7,0,0,0,0,0,0,0,0,0,0,0,0,0,0,0,1,0,0,0,0,0,0,0,0,0,0,0,0
286,GGA,0,0,0,0,0,0,0,0,1,0,0,0,0,0,0,0,0,0,0,0,0,0,0,0,0,0,0,0,0,0,0,0,4,0,0,0,0,0,0,0,88392,0,13,0,1,0,0,0,0,0,0,0,0,0,0,0,1,0,0,0,0,0,0,0
287,AGC,0,13,0,0,0,0,0,0,2,88366,0,20,0,0,0,0,0,0,0,0,0,0,0,0,0,1,2,0,0,0,0,0,0,0,0,0,0,0,0,0,0,3,0,0,0,0,0,0,0,0,0,0,0,0,0,0,0,0,0,0,0,0,0,0
288,ATT,0,0,0,1,0,0,0,6,0,0,0,3,0,17,0,88394,0,0,0,0,0,0,0,0,0,0,0,0,1,0,0,0,0,0,0,0,0,0,0,0,0,0,0,0,0,0,0,6,0,0,0,0,0,0,0,0,0,0,0,0,2,0,0,3
289,CCC,0,0,0,0,0,0,0,0,0,0,0,0,0,3,0,0,0,0,0,0,6,88405,0,9,0,0,0,0,0,2,0,3,0,0,0,0,0,2,0,0,0,0,0,0,0,0,0,0,0,0,0,0,0,2,3,0,0,0,0,0,0,0,0,0
290,AAT,0,31,0,88381,0,3,0,0,0,0,0,0,0,0,0,0,0,0,0,0,0,0,0,0,0,0,0,0,0,0,0,0,0,0,0,19,0,0,0,0,0,0,0,1,0,0,0,0,0,0,0,0,0,0,0,0,0,0,0,0,0,1,0,0
291,GAC,0,1,0,0,0,0,0,0,0,0,0,0,0,0,0,0,0,0,0,0,0,0,0,0,0,0,0,0,0,0,0,0,4,88385,6,2,0,0,0,0,0,6,0,0,0,4,0,0,0,1,0,0,3,0,0,0,0,0,0,0,1,0,0,0
292,AAA,88387,0,6,0,1,3,0,0,7,0,0,0,0,0,0,0,0,0,0,0,0,0,0,0,0,0,0,0,0,0,4,3,4,0,0,0,0,0,0,0,0,0,0,0,0,0,0,0,3,0,0,0,0,0,0,0,0,3,0,0,0,0,0,0
293,CCA,0,0,0,0,11,0,0,0,0,0,0,0,0,1,0,1,1,0,0,0,88400,0,6,0,0,0,0,0,2,1,0,0,0,0,0,0,2,0,0,0,0,0,0,0,0,10,0,0,0,0,2,3,1,0,0,0,0,0,0,0,0,0,0,0
294,TTC,0,0,0,0,0,0,0,0,0,0,0,0,0,0,0,0,0,0,0,0,0,0,0,0,0,0,0,0,0,1,0,0,0,0,0,0,0,0,0,0,0,0,0,0,0,3,0,0,0,0,0,0,0,4,0,0,0,0,0,0,0,88394,0,1
295,CAA,0,0,0,0,0,0,0,0,0,0,0,0,0,0,0,0,88420,0,3,0,1,0,0,0,3,0,0,0,0,0,0,0,0,0,0,0,0,2,0,0,0,0,0,0,0,0,0,0,0,0,0,0,0,0,0,0,0,0,0,0,0,0,0,0
296,AAT,0,0,2,88435,0,0,0,0,0,0,1,4,0,1,0,0,0,0,0,0,0,0,0,0,0,0,0,0,0,0,0,0,0,0,0,3,0,0,0,0,0,0,0,0,0,0,0,0,0,0,0,0,0,0,0,1,0,0,0,0,0,0,0,0
297,GTA,0,0,0,0,0,0,0,0,0,0,0,0,11,0,0,0,0,0,0,0,0,0,0,0,0,0,0,0,6,0,0,1,0,0,0,0,3,0,0,0,1,0,0,0,88394,2,8,2,0,0,0,0,0,0,0,0,0,0,0,0,0,0,1,0
298,AAC,3,88394,1,12,1,1,0,0,0,1,0,0,0,0,0,0,0,4,0,1,0,0,0,0,0,0,0,0,0,0,0,0,0,1,0,0,0,0,1,3,0,0,0,0,0,0,0,0,0,1,0,0,0,0,0,0,0,0,0,0,0,0,0,0
299,AGG,0,0,545,0,0,0,0,1,6,2,87720,8,0,1,2,1,2,4,6,3,10,9,0,8,3,1,4,0,0,0,0,4,0,0,0,0,0,3,0,0,0,0,12,0,0,0,0,2,0,0,0,0,0,4,6,0,3,0,0,0,3,0,0,0
300,ATC,0,1,0,0,0,5,0,0,1,0,0,0,2,88400,3,8,0,0,0,0,0,0,0,0,0,0,0,0,0,0,0,0,0,0,0,0,0,0,0,0,0,0,0,0,0,7,0,1,0,0,0,0,0,0,0,1,0,0,0,0,0,0,0,0
301,ACA,2,0,0,1,88401,1,1,2,0,5,0,1,3,0,0,0,0,0,0,0,0,0,0,0,0,0,0,0,0,0,0,0,0,0,0,0,6,0,0,0,0,0,1,0,0,0,0,0,4,0,0,0,0,0,0,0,0,0,0,0,0,0,0,0
302,TAC,0,0,0,0,0,0,0,0,0,0,0,0,0,0,0,0,0,3,0,0,0,0,0,0,0,0,0,0,0,0,3,0,0,3,0,0,0,0,0,0,0,0,0,0,0,0,0,0,4,88375,1,14,0,0,0,0,0,13,0,0,0,0,1,2
303,GGG,0,0,0,0,0,0,3,0,0,0,8,0,0,0,0,0,0,1,0,1,0,0,0,0,0,0,0,0,0,0,0,0,0,0,4,0,0,0,0,0,5,0,88071,2,0,0,0,0,0,0,0,0,0,0,0,0,0,0,7,0,0,0,0,0
304,GCC,2,1,1,837,0,22,0,0,0,3,0,2,0,0,2,0,0,0,0,0,0,3,0,0,0,0,0,0,4,0,0,0,0,3,0,0,10,87006,0,3,0,1,3,0,0,13,0,0,0,0,0,0,0,5,3,0,0,0,3,0,0,423,2,0
305,TGT,0,0,0,0,0,0,0,0,0,0,0,2,0,0,0,0,0,0,0,0,0,0,0,0,0,0,0,34,0,0,0,0,0,0,0,0,0,0,0,0,0,0,0,3,0,0,0,0,0,0,0,18,27,0,0,6,0,20,0,88283,0,0,0,1
306,CCC,0,0,0,0,0,2,0,0,0,0,0,0,0,0,0,0,0,3,0,0,3,88409,1,1,0,0,0,0,0,2,0,0,0,0,0,0,0,0,0,0,0,0,0,0,0,0,0,0,0,0,0,0,0,2,0,0,0,0,0,0,0,0,0,0
307,AGA,1,0,0,0,0,0,0,0,88350,2,12,3,2,2,0,0,2,0,0,0,0,0,0,0,3,0,0,0,1,0,0,0,0,0,0,0,0,0,0,1,16,0,0,0,0,0,0,0,0,0,0,0,1,0,0,0,1,0,1,0,0,0,0,5
308,TAT,0,0,0,1,0,0,0,0,0,0,0,0,0,0,0,0,1,0,0,2,0,0,1,0,0,0,0,0,0,0,0,0,0,0,1,3,0,0,0,0,0,0,0,0,0,0,0,0,0,10,0,88383,0,0,0,0,0,0,0,17,0,0,0,0
309,GTT,0,0,0,0,0,0,0,0,0,0,0,0,0,0,0,7,0,0,0,0,0,0,0,0,0,3,0,0,0,0,0,0,0,0,0,0,0,0,0,4,0,0,0,0,0,4,0,88378,0,0,0,0,0,0,0,0,0,0,0,0,0,0,0,1
310,AAG,5,1,88372,6,4,0,2,2,0,0,5,0,0,0,7,0,0,0,2,1,0,0,0,0,3,0,2,3,0,3,0,0,0,0,7,0,1,0,0,0,0,0,0,0,1,0,0,0,0,0,0,0,0,0,2,0,0,0,0,0,0,0,2,0
311,CAA,0,0,0,0,0,0,0,2,0,0,0,0,0,0,0,0,88369,1,3,1,0,0,0,0,3,0,1,0,0,0,0,2,0,0,0,0,1,0,0,1,0,0,0,0,0,1,0,0,5,0,0,1,0,9,0,0,0,0,0,0,1,1,0,0
312,AAC,9,88346,12,5,0,0,0,3,0,3,0,0,0,0,0,0,1,3,0,0,0,0,3,0,0,2,0,0,0,1,0,0,0,6,0,0,1,0,0,0,0,2,0,0,0,2,0,0,0,0,0,0,0,0,0,1,1,0,0,0,3,0,1,0
313,ACT,0,0,0,4,4,11,2,88256,0,0,0,1,0,0,0,0,0,0,89,0,0,0,0,0,0,0,0,0,0,0,0,0,0,0,1,0,0,0,0,4,0,0,0,0,0,0,0,0,1,0,0,0,1,4,1,1,0,0,0,0,0,0,0,0
314,CTG,0,0,0,0,0,0,0,0,0,0,0,0,0,0,3,0,0,0,0,0,0,0,21,0,0,0,0,0,126,4,88209,3,0,0,0,0,0,0,0,0,0,0,0,0,0,0,0,0,0,0,0,0,0,0,0,0,0,0,0,0,1,0,5,0
315,AAA,88361,0,12,0,3,2,0,0,6,0,0,0,0,0,0,0,0,0,0,0,0,0,0,0,0,0,2,0,2,0,0,1,1,0,0,0,0,1,0,0,0,0,0,0,0,2,0,0,2,0,0,0,0,0,0,0,3,0,0,0,3,0,0,0
316,TTG,0,0,0,0,0,0,0,0,0,0,0,0,0,0,2,0,0,0,0,0,0,0,0,0,0,0,0,0,0,0,11,0,0,0,0,0,0,0,0,0,0,0,0,0,0,0,0,0,0,0,3,0,0,0,9,0,0,0,0,0,123,0,88179,5
317,GCA,0,0,0,0,15,0,0,0,0,0,0,0,0,0,0,0,0,0,0,0,0,0,0,0,0,0,0,0,0,0,0,0,2,0,0,0,88297,0,15,1,0,1,0,0,34,0,0,0,0,0,0,0,0,0,0,0,0,0,0,0,0,0,0,0
318,ACA,1,1,0,0,88325,9,31,3,1,0,0,0,8,0,0,0,0,0,0,0,0,0,0,0,5,0,0,0,0,0,1,2,0,0,0,0,7,0,0,0,0,0,0,0,0,0,1,0,0,0,0,0,0,0,0,0,0,0,0,0,0,0,0,0
319,GGG,0,0,0,0,0,0,0,0,0,0,0,0,0,0,0,0,0,0,0,0,1,0,0,0,0,0,0,0,0,0,0,0,0,0,3,0,0,0,5,0,12,0,88378,5,0,0,5,0,0,0,0,0,0,0,0,0,0,0,4,0,0,0,0,0
320,ATG,0,0,0,0,0,0,0,0,0,0,0,0,11,0,88387,1,0,0,0,0,0,0,0,0,0,0,0,0,0,0,0,0,0,0,0,0,2,0,0,0,0,0,0,0,0,0,2,0,0,0,0,0,0,0,0,0,0,0,0,0,0,0,0,0
321,CGA,0,0,4,0,0,0,0,0,2,0,0,0,0,0,0,0,9,0,0,0,0,0,0,0,88341,7,11,0,4,0,0,0,0,0,0,0,0,0,0,0,4,0,0,0,0,0,0,0,0,0,0,0,0,0,0,0,24,0,0,0,0,0,0,0
322,AAT,7,10,0,88391,0,0,0,0,0,0,0,1,0,0,0,0,0,0,0,0,0,1,0,0,0,0,0,0,0,0,0,0,0,0,0,5,0,0,0,0,0,0,0,0,0,0,0,0,0,0,0,0,0,0,0,0,0,0,0,0,0,0,0,0
323,GTA,0,2,0,0,5,2,4,6,0,0,1,0,15,3,0,6,0,0,0,0,0,0,0,0,0,0,0,1,0,0,0,0,0,0,0,0,11,0,0,0,0,0,0,0,88322,4,17,2,0,2,0,0,0,3,0,0,0,0,0,0,3,4,3,2
324,CCA,2,0,0,0,1,0,0,0,2,0,3,1,0,0,0,0,2,1,0,3,88279,2,19,14,6,0,5,0,6,3,0,0,0,0,1,0,1,0,5,2,0,0,1,0,0,2,0,0,0,0,0,0,2,3,0,0,0,0,0,0,0,0,0,0
325,GAG,0,0,1,0,0,5,0,0,13,0,0,1,0,0,3,0,1,0,0,0,0,0,372,0,0,0,0,0,0,0,0,0,3,0,87935,0,0,0,2,4,0,3,7,0,0,0,0,0,0,0,6,0,2,2,0,1,2,0,0,0,0,0,1,0
326,AAA,88333,0,3,0,3,0,0,0,7,0,0,0,1,0,0,0,0,0,0,0,0,0,0,0,0,0,2,0,0,0,0,6,13,0,0,0,0,1,0,1,0,0,0,0,0,0,0,1,0,3,0,0,0,0,0,0,0,0,0,0,0,1,3,0
327,CAA,4,0,0,3,7,3,0,1,0,4,0,0,0,0,0,0,88238,0,5,0,1,0,0,0,8,1,0,0,0,1,0,2,3,0,0,2,1,0,0,0,0,0,2,0,0,0,0,0,1,0,0,0,0,0,1,1,0,0,0,2,0,1,0,0
328,ACT,0,0,0,0,0,13,0,88239,0,1,0,3,0,0,0,2,4,0,0,0,0,1,3,1,0,0,0,0,0,3,2,0,0,2,0,1,1,0,0,10,0,0,0,0,3,0,4,0,6,0,0,0,3,0,0,0,0,0,0,0,0,2,0,0
329,AGA,3,0,0,0,0,0,0,0,87985,0,5,1,1,0,0,0,0,0,0,1,0,0,0,0,2,0,1,0,0,0,0,0,0,0,0,0,0,0,0,0,3,0,0,0,0,0,0,0,0,0,0,0,0,0,0,0,0,0,0,0,0,0,0,0
(HA2)1,GGC,0,0,0,0,0,1,0,0,0,3,0,0,0,0,0,0,0,0,0,0,0,0,0,0,0,4,0,0,0,0,0,0,2,0,0,0,0,0,0,0,2,88329,3,7,0,1,0,0,0,0,0,0,0,0,0,0,0,0,0,1,0,0,0,2
(HA2)2,ATA,1,0,0,0,11,0,0,0,0,0,0,0,88331,0,48,0,0,0,0,0,0,0,0,0,0,0,0,0,3,0,0,0,0,0,0,0,0,0,0,0,0,0,0,0,5,2,0,0,0,0,0,0,0,0,0,0,0,0,0,0,1,0,0,0
(HA2)3,TTT,0,0,0,0,0,0,0,0,0,0,0,0,2,0,1,4,0,0,0,0,0,0,0,0,0,0,0,0,0,3,0,1,0,0,0,0,0,0,0,0,0,0,0,0,0,0,0,2,0,2,0,0,0,0,0,7,0,0,0,0,0,4,4,88373
(HA2)4,GGC,0,0,0,0,0,3,5,1,0,2,0,0,0,0,0,0,0,2,0,0,0,0,0,0,0,0,2,0,0,0,0,5,0,1,0,0,1,2,0,1,8,88283,4,43,0,0,0,0,0,0,0,0,0,0,5,4,0,1,0,0,2,0,0,0
(HA2)5,GCA,0,0,0,0,30,0,0,0,0,0,0,0,0,0,0,0,0,0,0,0,1,0,0,0,0,0,0,0,0,4,0,0,0,0,0,0,88217,1,16,0,77,0,0,0,7,0,0,0,0,0,0,0,3,0,0,0,0,0,0,6,0,0,0,0
(HA2)6,ATC,0,0,0,0,0,2,0,0,0,0,0,1,2,88345,2,7,0,0,0,0,0,0,0,0,0,0,0,0,0,2,3,0,0,0,0,0,0,0,0,0,0,0,0,0,4,0,0,0,0,0,0,0,0,0,0,0,0,0,0,0,0,2,0,0
(HA2)7,GCG,0,0,0,0,0,0,28,0,0,0,0,0,0,0,0,0,0,0,0,0,0,0,0,0,0,0,0,0,0,0,0,0,0,0,0,0,8,2,88344,6,0,0,0,0,0,0,5,0,0,0,2,0,0,0,2,0,0,0,0,0,0,0,0,0
(HA2)8,GGT,0,0,0,0,0,0,0,0,0,0,0,2,0,0,0,0,0,0,0,0,0,0,0,0,0,0,0,23,0,0,0,0,0,0,0,8,0,0,0,0,1,7,2,88382,0,0,0,0,0,0,0,0,0,0,0,0,5,0,0,1,0,0,0,0
(HA2)9,TTC,0,0,0,0,0,0,0,0,0,0,0,0,0,0,0,0,0,0,0,0,0,0,0,0,0,0,0,0,0,6,0,2,0,0,0,0,0,0,0,0,0,0,0,0,0,0,0,0,0,0,0,0,0,11,0,0,0,0,0,0,0,88390,2,14
(HA2)10,ATA,0,0,0,0,3,0,0,0,0,0,0,0,88383,1,16,0,0,0,0,0,0,0,0,0,0,0,0,0,0,0,0,3,0,0,0,0,0,0,0,0,0,0,0,0,12,0,2,0,0,0,0,0,0,0,0,0,0,3,0,0,0,0,0,0
(HA2)11,GAA,5,0,0,0,0,0,0,0,0,0,0,0,0,0,0,0,7,0,0,0,0,0,0,0,0,0,0,0,0,0,0,0,88359,0,6,2,0,0,0,0,8,1,0,0,1,1,0,0,2,0,0,0,0,0,0,0,0,4,0,0,0,2,0,0
(HA2)12,AAT,1,8,0,88340,0,1,0,0,0,0,0,1,0,0,0,0,0,0,0,0,0,0,0,0,0,0,0,0,0,0,0,0,0,0,0,0,0,0,0,0,0,0,0,0,0,0,0,0,2,0,0,6,5,0,0,0,0,0,0,0,0,0,0,3
(HA2)13,GGT,0,0,0,0,0,0,0,0,0,0,0,3,0,0,0,0,0,0,0,0,0,0,0,0,0,0,0,0,0,0,0,0,0,0,0,2,0,0,0,0,16,2,0,88389,0,0,0,2,0,0,0,0,0,0,0,0,0,0,0,1,0,0,0,0
(HA2)14,TGG,0,0,0,0,0,0,0,0,0,0,0,0,0,0,0,0,0,0,0,0,0,3,0,0,0,0,4,1,0,0,0,0,0,0,0,0,0,0,0,0,0,0,0,0,0,0,0,0,0,0,3,0,0,0,0,0,12,0,88390,6,0,0,0,0
(HA2)15,GAG,0,0,8,0,5,0,0,0,0,1,0,0,0,0,3,1,0,0,0,0,0,0,0,0,0,0,0,0,0,1,0,2,18,0,88299,13,0,0,0,0,0,0,18,0,0,0,2,0,0,0,0,0,0,3,3,5,0,0,0,0,0,0,3,4
(HA2)16,GGA,0,1,0,0,0,0,0,0,7,0,0,0,3,0,0,0,0,0,0,0,0,0,0,0,0,0,0,0,0,0,0,0,27,0,0,0,0,0,0,2,88339,3,11,2,0,0,0,0,0,0,0,0,0,0,0,0,1,0,0,1,0,0,5,0
(HA2)17,ATG,0,0,0,0,0,0,2,0,0,0,0,0,4,0,88291,1,1,0,0,0,0,0,0,0,0,0,0,0,0,6,1,69,0,0,0,0,0,0,0,0,0,0,0,0,0,0,1,0,0,0,3,0,0,0,1,0,5,0,0,0,3,0,6,0
(HA2)18,GTG,15,0,1,0,0,0,1,0,0,2,2,0,0,0,11,1,3,0,4,1,3,0,0,0,4,9,6,0,0,7,1,0,7,0,5,0,0,0,0,0,0,0,0,0,11,0,88238,4,0,6,0,2,0,6,0,1,0,10,1,1,6,1,5,6
(HA2)19,GAT,0,0,1,2,0,0,0,0,0,0,0,0,0,0,0,0,0,0,1,1,0,3,0,0,0,0,0,0,0,0,1,0,4,7,4,88400,0,0,0,0,0,0,0,4,0,0,0,0,1,0,0,5,0,0,0,0,0,0,0,0,0,0,0,0
(HA2)20,GGT,0,0,0,0,0,0,0,0,0,0,0,4,0,0,0,0,0,0,0,0,0,0,0,0,0,0,0,1,0,2,0,0,0,0,0,2,0,0,0,2,1,14,10,88361,0,0,0,2,0,0,0,0,0,0,0,0,0,0,0,16,0,0,0,1
(HA2)21,TGG,0,0,0,0,0,0,0,0,0,0,0,0,0,0,0,0,0,0,0,0,0,0,0,0,0,0,4,0,0,0,0,0,0,0,0,0,0,0,0,0,0,0,0,0,0,0,0,0,0,0,6,0,0,0,0,0,9,0,88402,0,0,0,7,0
(HA2)22,TAC,0,0,0,0,0,0,0,0,0,0,0,0,0,0,0,0,0,9,0,0,0,0,0,0,0,0,0,0,0,0,0,0,0,0,0,0,0,0,0,0,0,0,0,0,0,0,0,0,2,88313,1,56,0,0,0,0,0,7,0,0,3,0,0,2
(HA2)23,GGT,0,0,0,0,0,0,0,0,0,0,0,8,0,0,0,0,0,0,0,0,0,0,0,0,1,0,0,0,0,0,0,0,8,0,0,10,0,0,0,0,0,1,13,88355,0,0,0,7,0,0,0,0,2,0,0,0,0,0,0,5,0,0,0,0
(HA2)24,TTC,0,0,0,0,2,0,0,0,0,0,0,0,0,1,0,3,0,0,0,0,0,0,0,0,0,0,0,0,0,1,0,0,0,0,0,0,0,0,0,0,0,0,0,0,0,0,0,0,0,1,0,4,17,5,0,0,0,0,3,0,0,88384,0,4
(HA2)25,AGG,4,0,3,0,0,2,0,0,24,1,88229,1,0,0,9,2,0,0,0,0,0,0,0,0,0,0,5,0,2,3,0,0,0,0,0,0,16,0,0,1,0,0,62,0,0,0,0,0,3,0,0,1,1,0,0,0,0,0,3,2,0,0,2,0
(HA2)26,CAT,0,0,0,4,0,0,0,0,0,0,0,0,0,0,0,0,1,12,0,88359,0,0,0,2,3,0,0,0,0,0,0,0,0,0,0,0,0,0,0,0,0,0,6,0,0,0,0,0,0,0,1,1,0,0,1,0,0,0,0,0,0,0,0,3
(HA2)27,CAA,5,0,0,0,0,0,2,3,0,0,0,2,0,3,0,0,88323,1,3,13,0,0,0,0,19,0,5,0,8,2,0,1,5,0,0,0,2,0,5,1,0,2,0,0,0,4,1,0,8,1,0,3,0,0,0,0,0,3,0,0,1,3,0,0
(HA2)28,AAT,0,3,0,88423,0,0,0,0,0,0,0,4,0,0,0,1,0,0,0,0,0,0,0,0,0,0,0,0,0,0,0,0,0,0,0,1,0,0,0,0,0,0,0,0,0,0,0,0,0,0,0,1,0,0,0,0,0,0,0,0,0,0,0,0
(HA2)29,TCT,0,1,4,0,0,0,0,0,0,3,0,5,0,0,0,0,4,0,0,0,0,0,0,2,1,1,0,0,0,1,5,0,2,1,0,0,3,0,1,3,0,1,0,0,0,2,2,0,0,0,0,12,3,27,0,88336,0,2,2,1,2,2,2,5
(HA2)30,GAG,3,0,6,0,0,0,0,0,0,0,0,0,0,0,0,0,0,0,5,0,0,0,0,0,0,0,0,0,0,0,0,0,29,4,88309,5,0,0,2,0,0,0,21,0,0,6,1,0,0,0,7,0,3,0,0,0,0,0,0,0,0,0,0,0
(HA2)31,GGA,0,0,0,0,0,0,0,0,9,0,0,0,0,0,0,0,0,0,0,0,0,0,0,0,0,0,0,0,0,0,0,0,10,0,0,0,0,0,0,0,88368,18,9,5,0,0,0,0,0,0,0,0,0,0,0,0,1,0,0,0,0,0,0,0
(HA2)32,AGA,7,0,0,0,3,0,1,4,88299,5,32,6,9,2,6,1,0,0,0,2,0,0,0,0,0,0,0,0,0,0,0,7,0,0,1,0,1,0,1,0,8,0,0,2,0,3,0,0,0,0,0,0,0,0,2,1,0,0,1,0,1,4,3,1
(HA2)33,GGA,0,0,0,0,0,0,0,0,4,0,0,0,0,0,0,0,0,0,0,0,0,0,0,0,1,0,0,0,0,1,0,0,4,0,0,0,0,0,0,0,88396,2,21,0,4,0,0,0,0,0,0,0,0,0,0,0,2,0,0,0,0,0,0,0
(HA2)34,CAA,1,0,0,0,3,0,0,1,0,0,0,0,3,0,0,0,88347,1,25,0,0,0,0,0,10,0,0,0,2,0,0,0,0,0,2,2,1,2,0,0,0,0,0,0,0,0,0,0,1,0,3,1,0,0,0,3,0,0,0,0,2,0,0,0
(HA2)35,GCA,0,0,0,0,8,0,0,0,0,0,1,0,2,0,0,0,0,0,0,0,1,0,0,0,0,0,0,0,0,0,0,0,4,0,0,0,95716,1,10,8,0,0,0,0,9,3,7,6,0,0,0,0,4,0,2,0,0,0,0,0,0,0,0,0
(HA2)36,GCA,0,0,0,0,19,0,0,0,0,1,0,0,0,0,0,0,0,0,0,0,0,0,0,112,0,0,0,0,0,0,0,0,1,0,0,0,95556,5,25,1,0,1,0,0,20,0,0,0,0,0,0,0,1,0,0,25,0,0,0,0,0,0,0,0
(HA2)37,GAT,0,0,1,3,0,0,0,0,0,0,0,0,0,0,0,0,0,0,0,8,0,0,0,0,0,0,0,0,0,0,0,0,0,7,0,95684,0,0,0,54,0,0,0,6,0,0,0,0,0,0,0,0,0,0,7,0,0,0,0,0,3,0,0,0
(HA2)38,CTC,0,0,5,0,0,0,0,0,1,2,2,0,0,17,8,2,0,1,0,2,0,11,0,1,1,1,4,4,4,95697,1,1,0,0,0,0,1,0,0,0,0,0,0,0,0,1,8,0,0,0,1,0,0,0,0,0,0,0,1,2,0,4,0,2
(HA2)39,AAA,95646,0,7,0,0,0,3,1,11,2,9,2,0,1,5,5,4,4,0,0,2,0,0,3,1,0,6,2,4,3,0,0,10,0,2,10,0,0,0,0,0,0,1,5,1,3,0,1,0,0,0,2,3,3,0,1,0,0,0,0,0,0,2,0
(HA2)40,AGC,0,10,0,0,15,12,0,0,0,95599,0,24,0,1,0,0,4,0,0,0,0,0,0,0,0,3,9,0,0,0,0,0,0,0,0,0,3,0,2,0,0,66,0,0,0,0,0,0,0,0,0,4,2,0,1,0,0,0,0,1,0,0,4,2
(HA2)41,ACT,0,0,0,2,5,17,1,95735,0,0,0,0,0,0,0,2,0,0,0,0,0,0,0,0,0,0,0,0,0,0,0,0,0,0,0,0,0,0,0,0,0,0,0,0,0,0,0,20,0,0,0,2,0,0,0,2,0,0,0,0,0,0,0,0
(HA2)42,CAA,0,1,0,0,0,0,0,3,0,0,0,0,0,0,2,0,95736,3,10,0,0,0,0,0,12,2,0,0,0,0,0,0,1,0,0,0,1,0,0,0,0,0,1,0,1,0,0,0,2,0,0,0,0,0,5,0,0,0,0,0,0,0,0,0
(HA2)43,GCA,0,2,0,0,27,2,0,4,0,0,2,0,0,0,1,0,0,2,3,0,0,0,0,0,0,4,3,0,0,0,0,0,3,1,2,0,95421,0,8,0,2,0,0,235,40,0,0,5,0,0,0,0,10,0,0,0,0,0,1,3,0,0,0,0
(HA2)44,GCA,0,0,0,0,21,0,0,0,0,5,0,0,0,0,0,0,0,0,0,0,1,0,0,0,0,0,0,0,0,0,0,0,30,0,0,0,95695,0,3,2,0,0,0,0,13,0,0,0,0,0,3,0,4,0,0,4,0,0,0,0,0,0,0,0
(HA2)45,ATC,0,0,0,0,2,5,0,2,0,0,12,2,0,94678,7,24,0,9,0,7,0,0,0,0,5,4,4,0,0,6,964,0,3,0,1,0,0,2,2,2,0,2,0,0,2,18,0,0,0,0,0,0,0,0,0,3,0,1,0,0,0,1,5,0
(HA2)46,GAT,0,0,0,28,0,1,0,0,0,8,1,0,0,0,0,0,0,0,3,0,0,0,0,0,0,0,2,0,1,0,0,0,0,3,0,95699,0,0,0,0,0,1,0,7,2,0,0,1,0,0,0,0,0,0,4,2,0,0,0,0,0,0,2,1
(HA2)47,CAA,8,0,0,3,1,1,0,0,0,1,0,4,1,0,0,1,95693,1,14,0,0,0,0,0,11,2,0,0,4,0,0,3,0,0,2,0,0,1,2,3,4,0,7,1,3,1,2,0,1,3,0,3,0,0,2,0,2,0,1,1,0,0,0,0
(HA2)48,ATC,0,0,0,0,0,0,0,0,0,0,0,0,1,95750,1,5,0,0,0,0,0,0,0,0,1,0,0,0,0,1,0,0,0,0,0,0,0,0,0,0,0,0,0,0,0,10,9,0,0,0,0,0,0,0,0,0,0,0,0,0,1,0,0,0
(HA2)49,AAT,2,6,0,95631,2,1,2,3,0,0,0,7,0,0,0,0,1,0,3,0,0,0,0,0,0,0,0,0,0,0,0,0,0,0,2,10,0,0,0,0,0,0,3,2,0,0,0,0,0,0,0,0,91,0,1,0,0,0,0,0,0,0,0,0
(HA2)50,GGG,0,0,2,0,0,0,0,0,4,3,12,0,0,0,0,0,0,0,0,0,0,0,0,0,0,0,0,0,0,0,0,0,0,2,4,0,0,0,0,0,5,1,95727,4,0,0,1,0,0,0,0,0,0,0,0,0,0,0,2,0,0,0,0,0
(HA2)51,AAG,11,6,95740,3,0,0,4,0,0,0,7,0,0,0,1,0,0,0,0,2,0,0,0,0,0,0,3,0,0,0,0,0,0,0,4,0,0,0,0,0,0,0,0,0,0,0,0,0,0,0,0,0,0,0,0,0,0,0,0,0,0,0,0,0
(HA2)52,CTG,0,0,0,0,0,0,0,0,0,0,0,0,0,0,1,0,0,0,3,0,0,0,20,0,0,0,0,0,5,0,95695,0,0,0,0,0,0,0,0,0,0,0,0,0,0,5,1,5,0,0,0,4,0,0,0,0,0,0,0,0,0,0,6,1
(HA2)53,AAT,0,5,0,95739,0,0,0,4,0,0,3,1,0,0,0,5,0,0,0,0,0,0,0,0,0,0,0,0,0,0,0,0,0,0,0,7,0,0,0,0,0,1,0,5,0,0,0,0,0,0,0,5,0,0,0,0,0,0,0,0,0,0,0,0
(HA2)54,AGA,4,1,0,2,0,0,0,3,95702,8,11,0,4,0,0,0,0,0,1,1,0,0,0,0,1,0,0,2,0,0,14,0,0,0,0,0,1,3,0,0,15,0,2,0,0,1,3,1,0,0,0,0,0,0,0,0,2,0,0,0,0,0,1,0
(HA2)55,TTG,0,0,0,0,0,0,0,0,0,0,1,0,0,0,0,0,0,0,0,0,0,0,0,0,0,0,0,0,0,3,4,0,0,0,0,0,0,5,0,0,0,0,0,0,0,6,11,2,0,0,1,0,0,0,12,0,0,0,1,0,0,0,95671,67
(HA2)56,ATC,0,0,0,0,0,5,0,0,0,0,4,3,7,95719,1,26,0,0,0,0,0,0,0,0,0,0,0,0,0,0,0,0,0,0,0,0,0,0,0,0,0,0,2,0,0,6,3,0,0,1,0,0,0,0,0,0,0,0,0,0,0,2,0,0
(HA2)57,GGG,0,0,0,0,0,0,0,0,0,0,8,0,0,0,0,0,0,5,1,0,0,8,0,0,0,0,0,0,0,0,0,0,0,0,4,0,0,0,0,0,35,5,95638,8,0,0,3,0,0,1,0,0,0,0,2,0,0,0,2,0,0,2,0,1
(HA2)58,AAA,95737,0,5,3,0,2,0,0,1,0,3,4,0,0,0,0,3,0,0,0,0,0,0,0,3,3,0,1,0,0,0,0,18,1,2,0,0,0,0,0,0,2,0,0,0,0,0,0,0,0,0,0,0,0,0,0,0,0,0,0,0,0,0,0
(HA2)59,ACC,0,5,0,0,5,95701,7,4,0,2,0,0,0,3,0,0,0,0,0,0,0,1,0,0,0,0,0,0,0,0,0,0,2,0,2,0,0,5,0,0,0,8,7,1,0,0,2,0,0,4,0,0,3,1,2,0,0,0,0,0,0,0,0,0
(HA2)60,AAC,5,95743,0,8,0,0,4,2,0,6,0,4,0,0,0,0,0,0,0,0,0,0,0,0,0,0,0,0,0,0,0,0,0,13,2,0,0,0,1,0,0,0,2,1,0,0,0,0,0,0,0,0,0,0,1,0,0,0,0,0,0,0,0,0
(HA2)61,GAG,0,0,2,0,0,1,4,0,0,2,0,3,0,0,144,1,4,0,1,0,0,0,1,0,0,0,0,2,0,0,0,0,2,3,95569,3,0,1,0,3,0,0,1,1,4,1,4,0,0,0,0,0,0,0,8,2,0,3,6,0,0,0,0,1
(HA2)62,AAA,95716,0,8,0,5,0,0,0,6,0,2,0,0,0,0,3,3,0,4,4,0,0,0,0,0,0,0,0,18,0,0,0,5,0,0,0,0,0,0,0,0,0,0,0,1,0,1,0,2,0,0,3,0,0,0,0,0,0,0,4,0,0,0,0
(HA2)63,TTC,0,0,0,0,0,0,0,0,0,0,0,2,0,1,0,0,0,0,0,0,0,0,0,0,0,0,0,0,0,0,0,0,0,0,0,0,0,0,0,0,1,0,0,0,2,0,0,0,0,0,0,1,0,2,0,0,0,1,0,0,2,95762,0,5
(HA2)64,CAT,0,0,0,4,0,0,0,0,0,0,0,0,0,0,0,0,0,4,0,95759,0,0,0,0,2,1,0,2,0,0,0,1,1,0,0,0,0,0,0,0,0,0,2,0,0,0,0,0,0,0,0,0,0,0,0,0,0,0,0,0,0,0,0,0
(HA2)65,CAG,0,0,815,0,5,0,0,0,0,3,0,0,0,0,0,0,5,0,94934,1,0,0,1,0,0,0,6,0,0,0,0,0,0,0,0,0,0,0,0,0,0,0,0,3,0,0,0,0,0,0,4,0,0,0,0,0,1,0,0,0,0,0,0,0
(HA2)66,ATT,0,0,0,0,0,0,0,0,0,0,0,0,1,17,0,95675,0,0,0,0,0,0,0,0,0,0,0,0,0,0,0,0,0,0,0,0,0,0,0,0,0,0,0,0,0,0,0,3,0,0,0,0,0,0,0,0,0,0,0,0,0,0,0,0
(HA2)67,GAA,1,0,0,1,0,0,0,0,0,0,0,0,0,0,0,0,0,0,0,2,0,0,0,0,0,0,0,0,0,0,0,0,95748,0,5,0,0,0,0,0,7,0,0,0,0,0,0,3,1,0,0,0,0,0,0,0,0,0,0,0,0,0,0,0
(HA2)68,AAA,95658,0,106,0,3,0,0,0,4,2,0,1,0,0,0,0,0,0,0,0,0,0,0,0,0,0,0,0,0,0,0,0,3,0,0,0,0,0,0,0,0,0,0,0,0,0,0,0,0,0,0,0,0,0,0,0,0,0,0,0,0,0,0,0
(HA2)69,GAA,7,0,0,0,0,0,0,0,0,0,0,0,0,0,0,0,0,2,0,0,0,0,0,0,0,0,0,0,0,0,0,0,95723,1,6,5,0,0,4,0,0,0,2,0,0,0,0,0,9,0,0,2,0,0,0,0,0,0,0,0,0,0,0,0
(HA2)70,TTC,0,0,0,0,0,0,0,0,0,0,0,3,0,0,0,0,0,0,0,0,0,0,0,0,0,0,0,0,0,0,0,0,0,0,0,0,4,0,3,0,0,0,0,1,0,1,0,0,0,0,0,1,1,4,0,2,0,2,0,1,1,95713,0,2
(HA2)71,TCA,4,0,0,0,0,0,0,1,0,3,1,0,0,0,0,0,0,0,0,0,18,0,0,3,1,0,0,0,0,0,0,0,0,1,0,3,0,0,0,0,0,0,4,1,0,0,1,0,9,0,0,0,95630,0,43,3,0,0,0,0,4,0,0,0
(HA2)72,GAA,2,0,0,0,0,0,0,0,0,3,0,0,0,0,0,0,0,0,0,0,0,1,0,0,0,0,0,0,0,0,1,1,95742,0,2,1,0,0,0,0,6,0,0,0,1,0,0,0,5,0,0,0,0,0,0,0,0,0,0,0,0,1,0,0
(HA2)73,GTC,0,0,0,0,0,0,0,0,0,0,0,1,6,6,0,0,0,0,0,0,0,0,4,0,0,0,0,0,0,0,0,0,0,0,0,0,0,1,0,2,0,0,0,0,3,95734,0,10,1,0,0,0,0,0,0,0,0,0,0,0,0,1,0,3
(HA2)74,GAA,15,0,0,0,0,0,0,0,0,0,0,0,0,0,0,0,3,0,0,0,0,0,0,0,0,0,0,0,0,0,0,0,95691,4,9,4,0,0,0,0,13,0,0,0,6,0,0,0,1,0,0,0,0,0,0,0,0,0,0,0,0,0,0,0
(HA2)75,GGG,0,0,0,0,0,0,0,0,0,0,1,0,0,0,0,0,0,0,0,0,0,0,0,0,0,0,2,0,0,0,0,0,0,2,5,0,0,0,0,0,0,0,95671,6,0,1,2,2,0,0,0,0,0,0,0,0,0,0,1,0,0,1,0,0
(HA2)76,AGA,7,0,0,0,0,0,0,0,95629,3,10,0,5,0,0,0,0,0,0,0,0,0,0,0,3,4,0,0,0,0,0,0,0,0,0,0,0,0,0,0,15,0,0,4,4,0,0,0,0,0,4,0,0,0,0,0,5,0,0,29,0,0,0,0
(HA2)77,ATT,0,0,0,0,0,0,0,1,0,0,0,0,5,0,0,95736,0,0,2,0,0,0,0,0,0,0,0,0,0,0,0,0,1,0,0,0,0,0,0,0,0,0,0,3,0,0,0,16,0,0,0,0,0,0,0,0,0,0,2,0,0,0,0,1
(HA2)78,CAG,0,0,2,0,0,0,0,3,1,1,0,0,0,0,0,0,3,0,95637,15,0,0,0,0,0,0,30,0,0,1,2,0,0,0,2,0,0,0,4,0,0,2,2,0,0,0,1,2,0,0,2,0,0,0,0,0,0,0,0,0,0,0,0,0
(HA2)79,GAC,0,25,0,0,0,0,0,0,0,0,0,2,0,0,0,0,0,1,0,0,0,0,0,0,0,277,0,0,0,0,0,0,9,95424,2,5,0,0,0,0,0,3,0,0,0,6,0,0,4,1,0,0,0,0,0,2,0,0,0,0,0,0,0,0
(HA2)80,CTT,0,0,0,0,0,0,0,0,0,0,0,0,0,0,0,1,3,0,0,1,0,0,0,16,0,0,0,1,2,5,0,95688,0,0,0,0,0,0,0,0,0,0,0,0,0,0,2,0,0,0,0,0,0,0,0,0,0,0,0,0,2,0,0,2
(HA2)81,GAG,0,0,2,0,0,0,0,0,0,0,0,0,0,0,0,0,0,2,0,0,0,0,0,0,0,0,0,0,0,0,0,0,13,0,95718,0,0,0,1,0,0,0,22,0,0,0,0,0,0,0,4,0,0,0,0,0,0,0,0,0,0,0,0,0
(HA2)82,AAG,7,0,95674,1,0,0,0,4,0,0,5,8,0,0,2,0,0,0,3,2,0,0,0,0,0,1,0,0,0,0,0,0,0,0,11,0,0,0,0,0,1,2,0,0,0,0,0,2,0,0,33,0,0,0,0,5,0,0,2,0,1,0,0,0
(HA2)83,TAT,1,0,0,0,0,0,0,0,3,0,0,0,0,0,0,0,0,0,0,9,0,0,0,0,0,0,0,0,0,0,1,0,0,0,0,0,0,0,2,0,0,0,0,0,0,0,0,0,36,4,0,95709,0,0,0,0,0,0,0,6,0,0,0,0
(HA2)84,GTT,0,0,0,0,5,4,0,0,0,0,0,0,0,4,0,6,0,0,0,0,0,0,0,0,0,0,0,0,2,0,0,0,3,0,0,0,0,0,0,2,0,0,0,0,1,9,2,95637,0,0,0,0,0,0,0,0,0,0,0,4,0,0,0,6
(HA2)85,GAG,0,0,1,0,0,0,0,0,0,0,0,0,0,0,0,0,0,0,0,0,0,0,0,0,0,0,0,0,0,0,0,0,4,0,95674,7,0,0,0,1,0,0,13,0,0,0,1,0,2,0,2,0,0,0,0,0,0,0,0,1,0,0,0,0
(HA2)86,GAC,0,1,0,0,0,0,0,5,0,0,0,2,0,0,0,0,0,2,0,0,0,0,0,0,0,0,0,0,0,0,0,0,2,95665,0,3,0,0,0,0,0,13,32,0,2,2,0,0,0,1,0,0,0,0,0,0,0,0,0,0,0,0,0,0
(HA2)87,ACT,0,0,0,5,3,18,0,95699,0,0,0,0,0,0,3,0,0,0,2,0,0,0,0,0,0,0,0,0,0,0,0,0,0,0,0,0,0,0,0,3,0,0,0,0,0,0,0,0,0,0,0,0,0,0,0,0,0,0,0,0,0,0,2,0
(HA2)88,AAA,95693,0,7,1,1,0,0,0,1,0,0,0,0,0,0,0,0,0,0,0,0,0,0,0,0,2,1,0,0,0,0,2,12,0,0,0,0,0,0,0,0,0,3,0,0,0,0,0,0,4,0,0,0,0,0,0,0,0,0,0,0,0,0,0
(HA2)89,ATA,0,0,0,0,10,0,0,0,2,0,0,0,95722,1,14,0,0,0,0,0,0,0,0,0,0,0,1,0,3,0,0,0,0,0,0,0,0,0,3,0,0,0,0,0,13,0,0,0,0,0,0,0,0,0,0,0,0,0,0,0,0,0,0,0
(HA2)90,GAT,0,0,0,2,0,0,0,0,0,0,0,0,0,0,0,0,0,0,0,0,0,0,0,0,0,1,0,0,0,0,0,0,2,1,2,95704,0,0,0,0,0,0,0,3,0,0,0,0,0,0,0,6,0,0,0,0,0,0,0,0,0,0,0,0
(HA2)91,CTC,0,4,0,0,0,0,0,0,0,0,0,0,0,8,0,4,0,0,0,0,0,2,0,0,0,0,0,0,5,95688,0,4,0,0,0,0,0,0,0,0,0,0,0,0,0,0,0,0,0,0,0,0,0,0,0,0,0,0,0,0,0,1,6,0
(HA2)92,TGG,0,0,0,0,0,0,0,0,0,0,1,0,0,0,0,4,0,0,0,1,0,0,0,0,0,0,6,0,0,0,2,0,0,0,0,0,0,0,0,0,0,0,0,0,0,0,0,0,0,0,3,0,0,0,0,0,2,0,95703,0,0,0,3,0
(HA2)93,TCA,0,0,0,0,1,0,0,0,0,0,0,0,0,0,0,0,0,0,0,0,14,0,0,0,0,0,0,0,0,0,0,0,0,0,0,0,0,0,0,0,0,0,0,0,0,0,0,0,1,0,0,0,95633,0,10,7,0,0,0,0,1,0,0,0
(HA2)94,TAC,0,0,0,0,0,0,0,0,0,0,0,0,0,0,0,0,0,20,0,0,0,0,0,0,0,0,0,0,0,0,0,0,0,0,0,0,0,0,0,0,0,0,0,0,0,0,0,4,2,95665,6,5,0,0,0,0,0,20,0,0,0,0,0,0
(HA2)95,AAC,0,95696,1,8,0,0,0,0,0,7,0,0,0,1,0,0,0,0,0,0,0,0,0,0,0,0,0,0,0,0,18,0,0,14,0,0,0,0,0,0,0,0,0,0,0,0,0,0,0,1,0,0,0,0,0,0,0,0,0,0,0,0,0,0
(HA2)96,GCG,0,0,0,0,0,3,1,2,0,0,2,0,0,0,1,0,0,0,0,0,0,0,0,0,0,0,0,0,0,0,1,0,0,0,2,0,6,0,95711,3,0,0,0,0,0,0,4,0,0,0,0,0,0,0,6,0,0,0,0,0,0,0,0,0
(HA2)97,GAA,1,0,0,0,0,1,0,0,0,0,0,0,0,0,0,0,1,4,0,0,0,0,0,0,0,0,0,0,0,0,0,0,95739,2,5,6,0,0,0,0,7,0,9,1,0,0,0,0,0,0,0,0,0,0,0,0,0,0,0,0,0,0,0,0
(HA2)98,CTT,0,0,0,0,0,0,0,0,0,0,0,0,0,0,0,1,0,0,0,0,0,0,0,1,0,0,2,0,0,2,3,95687,0,0,0,0,0,0,0,0,0,0,0,3,4,1,2,7,0,0,0,0,0,0,0,0,0,0,0,3,3,0,1,22
(HA2)99,CTT,0,0,0,0,0,4,0,0,0,0,0,0,0,0,0,0,1,0,0,0,0,0,0,3,0,0,0,1,0,19,0,95677,0,0,0,0,0,0,5,4,0,0,0,0,3,1,0,0,0,0,0,0,0,0,0,0,0,2,0,6,3,0,13,9
(HA2)100,GTT,0,0,0,0,50,3,0,1,0,0,0,0,0,0,0,2,0,0,0,0,0,0,0,0,0,0,0,0,0,0,0,0,0,0,0,0,1,0,0,5,0,1,0,1,4,10,1,95644,0,0,0,0,0,0,0,0,0,0,0,0,0,0,0,1
(HA2)101,GCC,0,4,0,4,1,11,0,0,1,5,2,1,0,0,0,0,0,0,0,0,0,0,0,0,3,0,0,0,0,0,0,0,0,1,0,0,6,95564,2,1,0,0,0,0,0,18,0,0,0,0,0,0,0,5,0,0,0,0,1,1,0,0,0,0
(HA2)102,CTG,0,0,0,0,0,0,0,0,0,0,0,0,1,1598,5,3,0,0,3,0,0,0,27,0,0,0,1,0,6,0,94058,7,0,0,0,0,0,0,0,0,0,0,0,4,0,0,2,0,0,0,0,0,0,0,0,0,0,0,0,0,0,0,5,0
(HA2)103,GAG,0,0,2,0,0,0,0,0,0,0,0,0,0,0,0,0,0,0,0,0,0,0,0,0,0,0,0,0,0,0,0,0,6,0,95671,4,0,0,0,0,0,0,16,0,0,0,7,0,0,0,1,0,0,0,0,0,0,0,0,0,0,0,0,0
(HA2)104,AAC,4,95653,0,5,0,1,0,0,0,6,0,0,0,2,0,0,0,0,0,0,0,0,0,0,0,0,0,0,0,0,0,0,0,6,0,0,0,0,0,0,0,0,0,0,0,0,0,0,0,0,0,0,0,0,0,0,0,0,0,0,0,0,0,0
(HA2)105,CAA,2,0,0,0,1,3,0,0,0,2,0,0,0,0,0,0,95607,0,1,1,1,3,0,1,8,0,0,0,0,3,0,0,1,0,0,0,0,0,0,0,0,0,0,0,0,0,0,0,1,0,0,0,0,0,0,0,0,0,4,0,0,0,0,0
(HA2)106,CAT,0,0,0,4,0,0,0,0,0,0,0,0,1,0,0,0,4,11,0,95605,0,3,0,1,0,0,1,2,0,0,0,0,0,0,0,0,0,0,1,0,0,0,0,0,0,0,0,0,0,0,0,7,7,0,0,0,0,0,0,0,0,0,0,0
(HA2)107,ACA,3,0,0,0,95399,0,6,276,0,0,0,0,5,2,0,2,0,0,0,0,0,0,0,0,0,0,0,0,0,0,0,0,0,0,0,0,5,0,0,1,0,0,0,0,0,0,0,0,0,0,0,0,0,0,0,0,0,0,0,0,0,0,0,0
(HA2)108,ATT,0,0,0,1,0,0,0,2,0,0,0,0,0,9,0,95654,0,0,0,0,0,0,0,0,0,0,0,0,0,1,4,0,0,0,0,0,0,0,0,0,9,0,0,0,0,0,1,8,0,0,0,0,0,0,0,0,0,0,0,0,0,0,0,0
(HA2)109,GAT,0,0,0,3,0,0,0,0,0,0,0,0,0,0,0,0,0,0,0,1,0,0,0,0,0,0,0,0,0,0,0,0,0,11,0,95646,0,2,2,3,0,0,0,6,0,0,1,1,0,14,0,0,0,0,0,0,0,0,0,0,0,0,0,3
(HA2)110,CTA,0,0,0,0,0,0,0,1,0,0,0,0,5,1,0,0,0,0,0,0,15,0,0,0,0,0,0,0,95698,0,2,7,0,3,0,0,0,0,0,0,0,0,0,0,3,0,3,0,0,0,0,0,0,0,0,0,0,1,0,0,3,0,1,0
(HA2)111,ACT,2,0,3,3,3,4,2,95714,0,0,0,0,0,0,0,5,0,0,0,0,0,0,0,0,0,0,0,0,0,7,1,0,0,0,0,0,2,0,0,5,0,0,0,0,0,0,0,0,0,0,0,0,0,0,0,0,0,0,0,0,1,0,0,0
(HA2)112,GAC,0,1,0,0,0,3,0,0,0,0,0,0,0,0,0,0,0,1,0,0,0,0,0,0,0,0,0,0,0,0,0,0,16,95700,5,1,0,0,0,0,0,5,0,0,0,0,0,0,0,6,0,0,0,0,0,0,0,0,0,0,0,0,0,0
(HA2)113,TCA,1,0,0,1,0,1,0,0,0,0,0,0,0,0,0,0,2,0,0,1,7,0,0,0,2,0,0,0,2,0,0,0,1,0,0,1,0,0,0,1,0,0,1,0,1,1,0,0,0,0,0,0,95698,6,27,0,0,0,0,0,0,3,0,0
(HA2)114,GAA,31,0,0,0,0,0,0,0,0,0,0,0,0,0,0,0,4,0,3,0,0,0,0,0,0,0,0,0,2,2,0,0,95724,0,1,0,0,0,0,0,4,0,0,0,1,3,2,0,0,0,0,2,0,0,0,0,0,0,0,0,0,1,0,1
(HA2)115,ATG,0,0,0,0,0,0,3,0,0,0,0,0,1,0,95744,0,0,0,0,0,0,0,0,0,0,0,0,0,0,0,0,0,0,0,0,0,0,0,0,0,0,0,0,0,0,0,0,0,0,0,0,0,0,2,0,0,0,0,0,0,0,0,0,0
(HA2)116,AAC,4,95721,3,0,2,3,0,2,0,4,0,0,0,0,0,0,0,4,1,0,0,0,0,0,0,4,0,2,0,0,0,0,1,7,0,0,0,0,0,0,0,0,0,7,0,1,3,0,0,1,0,0,0,0,0,0,0,0,0,0,0,0,0,0
(HA2)117,AAA,95709,1,4,2,0,0,0,0,8,0,0,0,2,0,0,0,2,0,0,0,0,0,3,0,0,0,0,0,0,0,0,1,1,0,0,0,0,0,0,0,0,0,5,0,0,0,0,0,0,0,0,0,0,0,0,0,0,0,0,0,0,0,0,0
(HA2)118,CTG,0,0,0,0,0,0,0,0,0,0,0,0,1,0,5,0,0,0,0,0,0,0,2,0,0,0,0,0,3,0,95700,16,0,0,0,0,0,0,0,0,0,0,0,0,0,0,1,0,0,0,0,0,0,0,0,0,0,0,0,0,0,0,12,0
(HA2)119,TTT,0,0,0,0,0,0,0,0,0,0,0,0,0,0,0,5,0,0,0,0,0,0,0,0,0,0,0,0,0,0,0,2,0,0,0,0,0,0,2,0,0,0,0,0,0,0,0,11,0,0,0,0,0,0,0,0,0,0,2,0,1,19,0,95682
(HA2)120,GAA,15,0,0,0,0,0,0,0,0,1,0,0,0,0,0,0,0,0,0,0,0,0,0,0,0,0,0,0,3,0,0,0,95727,0,3,1,0,4,0,0,13,0,0,1,8,1,0,0,0,1,0,0,0,0,3,0,0,0,0,0,2,0,0,0
(HA2)121,AAA,95698,0,6,9,2,0,0,0,3,0,0,1,0,0,0,0,1,0,0,1,0,0,0,0,4,2,2,1,0,2,0,0,2,0,0,2,2,0,0,2,3,4,0,4,0,1,15,0,1,0,0,8,0,0,2,0,0,0,0,0,0,2,0,0
(HA2)122,ACA,5,0,1,0,95738,0,8,3,3,0,0,0,2,0,0,0,0,0,0,0,2,0,0,0,0,0,0,0,0,0,0,0,0,0,0,0,1,1,0,0,0,0,0,1,0,0,0,0,0,0,0,0,0,0,0,0,0,0,0,0,0,0,0,0
(HA2)123,AAG,11,0,95711,2,0,0,7,0,6,0,19,0,0,0,2,0,0,0,2,0,0,0,0,0,0,0,2,0,0,0,0,0,0,0,9,0,4,0,0,0,0,0,0,2,0,0,0,0,0,0,0,0,0,0,0,0,0,0,0,0,0,0,0,0
(HA2)124,AAG,9,7,92932,9,3,0,1,0,0,0,0,4,0,0,1,0,0,0,0,0,0,0,2,0,0,0,0,2,0,4,0,3,0,1,9,0,0,0,0,0,0,0,2771,0,0,0,0,0,0,0,0,0,3,0,0,6,0,1,0,0,0,0,0,0
(HA2)125,CAA,5,0,0,0,3,0,2,0,0,0,0,1,0,0,7,0,95572,0,4,0,20,0,0,8,4,6,0,0,5,2,0,0,0,0,0,0,0,0,0,0,0,0,0,0,0,5,1,0,32,0,0,0,0,0,0,0,0,0,0,1,1,0,0,0
(HA2)126,CTG,0,0,0,0,0,0,0,0,0,0,0,0,0,0,0,0,0,0,0,0,0,0,0,0,0,0,0,0,6,3,95767,0,0,0,0,0,0,0,0,0,0,0,0,4,0,0,4,0,0,0,0,0,0,0,0,0,0,0,0,0,0,0,6,0
(HA2)127,AGG,0,0,3,0,0,0,2,0,13,0,95705,7,0,0,11,0,1,0,0,2,0,0,0,0,3,0,6,0,0,0,0,0,0,0,0,0,0,0,0,0,2,5,11,1,0,0,0,0,0,0,0,0,0,0,0,0,0,0,0,0,0,0,0,0
(HA2)128,GAA,5,0,0,0,0,5,0,0,0,4,0,0,0,0,0,0,0,0,0,0,0,0,0,0,0,0,0,0,0,0,0,0,95741,0,7,2,0,0,0,0,7,0,8,0,4,0,0,0,0,0,0,0,0,0,0,0,0,0,0,0,0,0,2,0
(HA2)129,AAT,0,1,0,95766,2,0,0,2,0,0,0,3,0,0,0,2,0,0,0,0,0,0,0,0,0,0,0,0,0,0,0,0,0,0,0,2,3,0,0,0,0,0,0,0,0,1,0,0,0,0,0,0,0,0,0,0,0,0,0,0,0,0,0,0
(HA2)130,GCT,0,0,0,0,0,2,0,13,0,0,0,0,0,0,0,8,0,0,0,0,0,0,0,0,0,0,0,0,0,0,0,0,0,0,0,0,4,10,0,86293,0,0,2,0,0,0,0,8,0,0,0,0,0,0,0,1,0,0,1,0,0,0,0,0
(HA2)131,GAG,0,0,1,0,0,0,0,0,0,0,0,0,0,0,0,0,0,0,0,0,0,0,0,0,0,0,0,0,0,0,0,0,11,0,86268,14,0,0,0,4,0,0,8,0,0,0,1,14,0,0,0,0,0,0,0,0,0,0,0,0,0,0,0,3
(HA2)132,GAT,0,0,1,7,0,0,0,0,0,0,0,0,0,0,0,0,0,0,0,0,0,0,0,0,0,0,0,0,0,0,0,0,5,7,1,86304,0,0,0,0,0,0,23,0,0,0,3,0,0,0,0,1,0,0,0,0,0,0,0,0,0,0,0,0
(HA2)133,ATG,0,0,0,0,0,0,2,12,0,0,2,2,4,4,86255,11,1,0,0,0,0,0,0,0,0,0,0,0,0,3,0,0,0,0,5,0,0,0,0,0,0,0,0,0,0,0,15,0,0,0,0,0,0,0,0,0,0,0,0,0,0,0,0,0
(HA2)134,GGC,0,0,0,0,0,0,0,0,0,6,0,0,0,0,0,0,0,0,0,0,0,0,0,0,0,0,0,0,0,0,0,0,0,16,0,0,0,0,0,0,1,86309,1,3,0,1,0,0,0,0,0,0,0,0,0,0,0,2,0,0,0,1,0,0
(HA2)135,AAT,0,5,2,86332,0,0,0,0,0,0,0,0,0,0,0,0,0,0,0,0,0,0,0,3,0,0,0,0,0,0,0,0,0,0,0,9,1,0,1,0,0,0,0,0,0,0,0,0,0,0,0,0,0,0,2,0,0,0,0,0,0,0,0,0
(HA2)136,GGT,0,0,0,0,0,0,0,0,0,0,0,5,0,0,0,2,0,0,0,0,4,0,0,3,0,0,0,0,0,0,0,0,0,0,0,3,0,0,0,0,0,6,11,86297,0,0,0,3,0,0,2,0,0,0,0,0,0,0,0,2,0,0,0,0
(HA2)137,TGT,0,0,0,0,0,0,0,0,0,0,0,0,0,0,0,0,0,0,0,0,0,0,0,0,0,0,0,5,0,0,0,0,0,0,0,0,0,0,0,0,0,0,0,0,0,0,0,0,0,0,0,3,0,0,0,0,0,7,29,86262,0,0,0,2
(HA2)138,TTC,0,3,0,0,0,0,0,0,0,0,0,0,0,0,0,0,0,1,0,0,0,0,0,0,0,0,0,0,0,3,0,0,0,0,0,0,1,0,0,0,0,0,0,0,2,0,0,0,0,1,0,0,0,6,0,0,0,0,0,0,2,86303,0,9
(HA2)139,AAA,86280,0,2,1,1,0,0,1,10,0,0,0,0,0,0,3,1,0,2,0,0,0,2,0,0,2,0,0,1,0,2,1,13,0,0,0,0,0,0,0,0,0,0,0,0,0,2,0,0,0,0,2,0,0,0,0,0,0,0,0,0,7,4,7
(HA2)140,ATA,1,0,0,0,4,0,0,0,0,0,0,0,86326,0,2,0,0,0,0,0,0,0,0,0,0,0,0,0,0,0,2,5,0,0,0,0,0,0,0,2,0,0,0,9,5,1,0,0,0,0,0,1,0,0,0,0,0,0,0,0,1,0,0,0
(HA2)141,TAC,0,0,0,0,0,0,0,0,0,0,0,0,0,0,4,0,0,11,0,0,3,0,0,0,0,0,0,0,0,0,0,2,0,0,0,0,0,0,0,0,0,0,0,0,0,0,0,0,0,86304,1,13,0,0,0,0,0,6,0,0,0,0,0,0
(HA2)142,CAC,0,1,0,0,0,0,0,0,0,0,36,0,0,0,0,0,1,86286,0,0,0,0,0,0,0,1,0,0,0,0,5,0,0,0,0,16,0,0,0,0,0,0,0,0,0,0,0,0,0,2,0,0,0,0,0,0,0,0,1,0,0,0,0,0
(HA2)143,AAA,86295,1,0,0,1,0,0,0,1,1,0,2,0,0,4,2,0,0,0,0,0,0,0,0,4,0,5,0,0,1,0,0,9,1,1,0,0,8,1,1,0,0,0,0,0,0,0,1,1,0,0,0,3,4,2,1,0,0,0,0,0,0,0,0
(HA2)144,TGT,0,0,0,1,0,0,0,0,0,0,0,0,0,0,0,0,0,0,0,0,0,0,0,0,0,0,0,2,0,0,0,0,0,0,0,0,0,0,0,0,0,0,0,0,0,0,0,0,0,0,0,2,3,0,0,0,5,3,2,86316,0,0,0,3
(HA2)145,GAC,0,10,5,0,0,0,0,0,0,0,0,0,0,0,0,0,0,0,0,0,0,0,0,0,0,0,0,0,0,0,0,0,2,85651,0,4,0,0,0,0,0,660,0,0,0,0,0,0,0,1,0,0,3,0,0,0,0,0,0,0,0,0,0,0
(HA2)146,AAT,0,3,0,86311,0,0,0,2,0,1,0,2,0,0,0,0,0,0,0,2,0,0,0,0,0,4,0,0,0,0,0,0,0,2,0,13,0,3,0,0,0,0,0,0,0,0,0,0,0,1,0,0,0,0,0,0,0,0,1,0,4,0,0,0
(HA2)147,GCC,0,1,2,0,0,20,0,0,0,0,1,0,0,0,0,0,0,0,0,0,0,0,3,0,0,2,0,0,0,0,0,1,0,1,7,0,9,86224,1,1,0,4,0,3,1,16,0,1,0,1,0,0,0,4,0,0,0,0,0,0,0,2,0,0
(HA2)148,TGC,0,0,0,0,0,0,0,0,0,0,0,0,0,0,0,0,0,0,0,0,0,0,0,0,0,22,2,0,0,0,0,0,0,0,0,0,2,0,0,0,0,2,1,0,0,0,0,0,0,31,0,0,0,0,0,0,1,86206,0,10,0,3,0,0
(HA2)149,ATA,0,0,0,0,1,0,0,0,0,0,0,0,86271,3,26,10,0,0,0,0,0,0,0,0,0,0,0,0,0,1,0,0,0,0,0,0,0,0,0,0,0,0,0,0,1,0,2,2,0,0,0,0,0,0,0,0,0,0,0,0,0,0,0,0
(HA2)150,GGA,0,2,0,0,0,0,2,1,4,1,0,2,0,0,4,0,0,0,4,0,0,4,0,0,1,4,10,3,2,0,0,0,10,0,3,6,0,4,4,0,86220,0,24,4,3,0,0,2,0,0,0,0,2,0,0,2,6,0,1,0,0,0,0,0
(HA2)151,TCA,0,0,0,0,3,0,5,0,0,0,0,314,0,0,0,0,0,0,2,1,3,0,0,0,3,0,0,0,0,0,0,0,0,0,0,0,1,2,0,3,0,0,22,0,0,0,0,0,1,0,2,0,85955,1,13,0,0,0,0,0,7,0,0,0
(HA2)152,ATC,0,0,0,0,0,6,0,0,0,0,0,0,5,86282,0,8,0,0,0,0,0,0,0,0,0,0,0,0,0,0,0,0,0,0,0,0,0,0,0,0,0,0,0,0,0,2,2,3,0,0,0,0,0,2,0,0,0,0,25,0,0,5,0,0
(HA2)153,AGA,4,1,1,0,0,0,0,0,86233,0,3,1,4,5,3,5,2,0,4,0,0,0,0,0,6,1,3,3,6,0,0,0,0,0,2,0,0,0,0,0,7,0,0,3,0,6,6,1,0,0,0,0,0,2,0,1,0,0,3,0,0,1,3,0
(HA2)154,AAT,0,3,0,86232,0,0,0,1,0,0,0,2,0,0,0,0,0,0,0,0,116,0,0,0,0,0,0,0,0,0,0,0,0,0,0,0,0,0,0,0,0,0,2,0,0,0,0,0,0,0,0,0,0,0,0,3,0,0,0,0,0,0,0,0
(HA2)155,GGA,0,0,0,0,0,0,0,0,5,0,1,0,0,0,0,0,0,0,0,0,10,0,0,0,0,0,0,0,0,0,0,0,4,0,0,0,2,0,0,0,86235,2,15,0,5,0,0,0,0,0,0,0,0,0,0,0,0,0,0,0,2,0,0,0
(HA2)156,ACT,0,0,0,7,0,3,1,86240,0,0,0,0,0,0,0,1,0,75,0,0,0,0,0,0,0,0,1,0,0,0,0,0,0,0,0,0,0,0,0,0,0,0,3,1,0,0,2,0,0,0,0,0,0,0,0,0,0,0,0,0,0,0,0,0
(HA2)157,TAT,0,0,0,0,0,0,0,0,0,0,0,0,0,0,0,0,0,0,0,11,0,0,0,0,0,0,0,0,0,0,0,0,0,4,0,0,0,0,0,0,0,0,1,0,0,0,1,0,0,3,0,86300,1,0,0,0,0,0,0,6,0,0,0,27
(HA2)158,GAC,0,6,1,1,0,0,0,0,0,0,2,0,0,0,0,0,0,0,0,0,0,0,0,1,0,2,0,0,0,0,0,1,0,86309,0,14,0,0,0,0,0,12,0,0,1,1,0,0,0,0,0,0,0,0,0,0,0,0,0,0,0,0,0,0
(HA2)159,CAC,0,1,0,0,0,16,0,0,3,0,0,0,0,0,0,0,1,86273,1,9,0,6,0,0,0,0,0,5,0,0,5,0,0,0,0,0,0,2,2,0,0,0,0,0,0,0,0,5,0,3,0,0,0,0,0,6,0,0,0,0,0,0,0,0
(HA2)160,GAT,0,0,0,9,10,0,1,3,0,0,3,0,0,0,0,3,1,0,4,0,0,0,0,0,0,0,0,3,0,0,0,0,0,3,0,86241,0,0,5,0,0,0,2,5,0,0,1,6,0,0,0,13,3,0,0,0,0,0,0,0,5,0,0,3
(HA2)161,GTA,0,0,2,0,0,0,1,3,0,0,0,0,12,1,2,0,0,0,3,0,0,0,0,0,1,0,2,0,0,1,0,0,2,0,0,0,14,0,4,0,2,0,0,0,86242,0,10,4,0,0,0,3,0,0,5,0,0,0,3,1,2,3,0,2
(HA2)162,TAC,0,0,0,0,0,0,0,0,0,0,0,0,0,0,0,0,0,7,0,0,0,0,0,0,0,0,0,0,0,0,0,0,0,0,0,0,0,0,0,0,0,0,3,0,0,0,0,0,4,86288,8,9,0,0,0,0,0,2,6,0,0,0,0,0
(HA2)163,AGA,2,0,0,0,0,0,0,0,86294,1,23,0,2,0,0,0,0,0,0,0,0,0,0,0,5,0,0,0,0,0,0,0,0,0,0,0,0,0,0,0,9,0,0,0,0,0,0,0,0,0,0,0,0,0,0,0,0,0,0,1,0,0,0,0
(HA2)164,GAT,0,1,0,5,1,0,3,0,0,0,0,0,0,2,0,1,0,2,0,0,2,0,0,3,3,0,0,0,0,5,4,1,0,8,1,86177,0,6,0,4,6,0,0,9,0,0,1,1,0,0,0,2,1,2,0,1,0,0,5,1,2,0,8,0
(HA2)165,GAA,2,0,0,0,0,0,0,2,0,0,0,0,2,0,0,0,0,0,0,0,0,0,0,0,0,0,0,0,0,0,3,0,86283,7,14,1,0,0,3,0,2,0,0,0,2,0,0,3,1,0,0,0,0,0,0,4,0,0,0,0,0,1,0,0
(HA2)166,GCA,0,0,0,0,4,0,0,0,0,0,0,0,0,0,0,0,0,0,0,0,1,0,0,0,0,0,0,0,0,0,0,0,1,0,0,1,86217,0,1,4,0,0,0,0,3,0,0,0,0,0,0,0,9,0,0,0,0,2,4,0,5,0,0,0
(HA2)167,TTA,0,0,0,0,0,0,0,0,0,0,0,0,9,0,0,0,0,0,0,0,0,0,0,0,0,0,0,0,3,1,0,0,0,0,0,0,0,0,0,0,0,0,0,0,0,2,0,0,0,0,0,1,22,0,4,0,0,0,0,0,86279,11,14,1
(HA2)168,AAC,3,86269,3,6,3,0,0,1,0,1,3,0,2,1,3,0,3,0,0,0,0,0,0,0,0,3,2,0,0,0,0,0,2,3,0,0,0,1,3,3,0,0,7,3,1,2,0,0,0,5,0,4,2,2,1,0,0,0,2,0,10,0,0,3
(HA2)169,AAC,5,86307,0,3,0,1,0,0,1,2,1,0,1,0,0,0,0,0,0,0,0,1,0,0,0,0,0,0,0,2,0,0,0,2,0,0,0,1,0,0,0,0,0,0,0,0,0,0,0,0,0,0,0,0,0,0,0,0,0,0,0,0,0,2
(HA2)170,CGG,0,0,0,0,0,0,0,0,1,0,2,0,0,0,0,0,0,0,81,0,0,0,0,0,12,3,86134,0,0,0,1,0,0,0,0,0,0,0,0,0,0,0,0,0,0,0,11,0,0,0,0,0,0,0,0,0,0,0,13,0,0,0,0,0
(HA2)171,TTT,0,0,0,0,0,0,0,0,0,0,0,0,0,0,0,5,0,0,0,0,0,0,0,0,0,0,0,0,0,0,1,2,0,0,0,0,4,0,0,0,0,0,12,0,0,0,0,0,0,0,0,0,0,0,0,2,0,0,0,0,0,2,10,86269
(HA2)172,CAG,0,0,3,0,0,2,0,0,1,0,0,0,0,0,1,0,1,0,86129,7,0,0,35,0,0,0,46,0,0,3,1,0,4,0,2,0,1,0,0,6,1,0,2,2,0,0,4,3,0,0,10,2,0,0,0,0,0,0,4,4,3,0,0,3
(HA2)173,ATC,0,0,0,0,0,1,0,0,0,0,0,4,0,86249,2,6,0,0,0,0,0,0,0,0,0,0,0,0,0,0,0,0,0,0,0,0,0,0,0,0,0,0,4,0,0,6,0,3,0,0,0,4,0,0,0,0,0,0,1,0,0,0,0,0
(HA2)174,AAG,6,0,86280,13,0,0,1,0,0,0,17,0,0,0,1,0,0,0,1,0,0,0,0,0,0,0,0,0,0,0,0,0,0,0,3,0,0,0,0,0,0,0,0,0,0,0,0,0,0,0,0,0,0,0,0,0,0,0,0,0,0,0,0,0
(HA2)175,GGA,0,0,0,0,0,0,0,0,9,0,0,0,0,0,0,0,0,0,0,0,0,3,0,0,0,0,0,0,2,0,0,0,4,0,0,0,0,0,0,0,86254,0,11,0,6,0,0,0,0,0,0,0,0,0,0,0,4,0,0,0,0,0,0,0
(HA2)176,GTT,0,0,0,0,1,0,0,0,0,1,0,0,0,0,0,10,0,0,0,0,0,0,0,0,0,0,0,0,0,0,0,0,0,0,0,0,0,0,0,0,0,0,0,2,1,11,0,86236,2,0,0,0,0,0,0,0,0,0,0,0,0,0,0,0
(HA2)177,GAG,0,2,10,0,0,0,1,1,0,0,2,0,0,0,0,0,0,0,0,0,0,0,0,0,0,0,0,0,0,2,0,0,8,0,86184,3,0,0,3,0,0,0,20,0,0,5,6,0,0,0,1,0,0,0,0,7,0,0,2,0,2,0,0,4
(HA2)178,CTG,0,0,0,0,0,4,0,0,0,0,0,0,0,2,2,0,0,0,1,0,0,0,9,0,0,0,6,0,10,2,86222,3,0,0,0,0,0,0,0,0,0,0,0,2,0,7,0,0,0,0,0,0,0,0,0,0,0,25,0,0,2,0,11,0
(HA2)179,AAG,16,0,86230,1,0,0,1,0,0,1,3,0,0,0,6,1,0,0,0,0,0,0,0,0,0,0,0,0,0,4,0,0,0,0,14,0,0,5,0,0,0,2,0,2,0,0,0,1,0,0,0,0,3,0,1,0,0,0,1,1,1,0,0,2
(HA2)180,TCA,0,0,3,0,1,0,1,0,0,0,1,1,0,0,2,0,5,6,0,0,1,5,0,0,3,0,0,1,0,0,0,0,7,0,0,0,0,0,1,1,0,0,4,0,0,0,5,2,1,1,0,3,86090,1,14,0,0,0,102,0,10,0,0,0
(HA2)181,GGG,0,0,6,0,0,0,0,0,0,4,0,0,0,0,0,0,0,1,4,0,0,0,0,0,0,3,10,0,0,0,0,11,0,0,6,1,7,0,0,0,18,2,86207,6,0,0,9,0,0,0,0,0,3,0,0,0,0,0,5,1,1,0,3,0
(HA2)182,TAC,0,0,0,3,0,0,4,0,0,0,0,0,3,0,0,0,2,16,1,0,0,0,3,2,0,0,0,0,0,1,0,0,2,0,0,3,0,3,1,2,2,0,0,0,1,2,0,3,7,86195,2,18,0,0,7,0,0,5,0,0,0,0,0,3
(HA2)183,AAA,86233,0,15,2,0,0,0,4,9,0,0,0,0,0,4,0,3,0,0,0,0,6,0,0,0,0,0,0,0,0,0,1,2,0,0,0,0,0,0,0,0,0,2,2,0,0,10,5,2,0,0,0,0,0,6,0,1,0,2,2,0,0,2,3
(HA2)184,GAT,0,0,0,8,0,0,0,0,0,0,0,1,0,0,0,0,1,1,0,0,0,0,0,0,0,0,0,0,0,0,0,0,0,11,0,85911,0,0,0,4,0,0,0,7,6,0,0,0,0,4,0,3,0,2,0,3,4,0,0,0,0,0,10,3
(HA2)185,TGG,1,0,0,0,0,0,0,0,0,0,0,0,0,0,0,0,0,0,0,0,0,0,0,0,0,0,5,0,0,0,0,2,0,2,0,0,0,0,0,0,3,0,6,0,0,0,1,0,0,0,4,2,0,0,0,0,3,0,86225,1,0,0,1,0
(HA2)186,ATC,0,7,0,0,0,0,0,0,0,0,0,0,4,86234,1,5,5,0,0,0,0,0,2,0,0,0,0,0,0,0,0,4,0,0,0,0,0,0,0,0,0,0,0,0,0,15,3,0,0,0,0,0,0,0,0,0,0,0,0,0,0,2,0,4
(HA2)187,CTA,0,0,0,0,0,0,0,0,0,0,0,0,12,0,0,1,1,0,0,0,31,1,0,2,0,0,0,0,86195,4,2,2,0,1,0,0,0,0,0,1,1,0,0,0,2,8,0,1,0,0,0,0,0,0,0,0,1,0,0,0,1,0,0,0
(HA2)188,TGG,0,0,0,0,0,0,0,0,0,0,0,0,0,0,0,0,0,0,0,0,0,0,0,0,0,0,9,0,0,0,0,0,0,0,0,0,0,0,0,0,0,0,0,0,0,0,0,0,0,0,3,0,0,0,0,0,2,0,86257,0,0,0,1,0
(HA2)189,ATT,0,0,0,0,0,0,0,0,0,0,0,0,3,0,0,86304,0,0,0,0,0,0,0,0,0,0,0,0,0,0,0,0,0,0,0,0,0,0,0,0,0,0,3,0,1,0,0,8,0,0,0,0,0,0,0,0,0,0,0,0,0,0,0,0
(HA2)190,TCC,0,0,0,0,0,0,0,0,0,0,0,0,0,0,0,0,0,0,0,0,0,3,0,0,0,0,0,0,0,0,0,0,0,0,0,0,0,0,0,0,0,0,0,0,0,0,0,0,0,0,0,0,18,86236,4,7,0,1,0,0,0,1,0,0
(HA2)191,TTT,0,0,0,0,1,0,0,0,0,0,0,0,0,0,0,0,0,0,0,0,0,0,0,0,0,0,0,1,0,0,0,14,0,0,0,0,4,0,0,0,0,0,0,0,2,0,0,0,0,0,0,0,0,0,5,9,0,0,2,0,0,4,0,86300
(HA2)192,GCC,0,0,0,0,0,16,0,0,0,0,0,0,0,0,0,0,0,0,0,0,0,0,0,0,0,0,0,0,0,0,0,0,0,1,0,0,2,86157,0,2,0,2,0,0,0,17,0,0,0,0,0,0,0,3,0,0,0,0,0,0,0,0,0,0
(HA2)193,ATA,5,0,0,3,17,0,0,0,1,0,0,1,86290,2,6,1,0,0,0,0,0,0,0,0,0,0,0,0,0,0,0,0,0,0,0,0,0,0,0,0,0,0,0,0,0,0,0,0,0,0,0,0,0,0,0,0,0,0,0,0,0,0,0,0
(HA2)194,TCA,0,0,0,0,0,0,0,0,0,0,0,0,0,0,0,0,0,0,0,0,10,0,0,0,0,0,0,0,0,0,0,0,0,0,3,0,0,0,0,0,0,0,0,0,0,0,0,0,4,0,0,0,86284,0,5,0,0,0,0,0,1,0,0,0
(HA2)195,TGT,0,0,0,5,0,0,4,0,0,1,0,1,0,0,0,0,0,1,2,2,0,2,0,0,0,0,0,9,0,1,0,3,0,0,0,0,3,0,0,0,2,1,0,216,0,1,0,0,0,0,0,4,0,0,0,1,0,8,8,85323,0,0,739,4
(HA2)196,TTT,0,0,0,0,0,0,0,1,0,0,5,0,2,0,0,0,2,0,0,1,0,0,0,0,0,0,0,0,0,0,0,0,0,0,0,2,0,1,1,5,2,0,0,2,1,1,4,0,0,0,0,0,0,0,4,0,0,4,3,0,0,7,0,86314
(HA2)197,TTG,0,0,0,0,0,6,2,2,0,0,0,0,0,0,2,0,2,0,1,3,0,0,0,0,0,0,0,0,0,0,10,0,4,0,0,0,0,3,0,0,0,0,4,0,1,0,0,1,3,0,0,4,0,0,3,0,6,0,5,3,17,3,86221,1
(HA2)198,CTT,0,0,0,0,2,0,2,0,0,0,0,3,1,0,0,6,0,0,0,0,0,19,0,18,0,2,0,5,0,9,0,86145,0,0,0,0,0,0,0,0,0,3,1,0,0,0,0,4,0,0,0,1,0,0,2,2,0,0,0,6,1,0,2,10
(HA2)199,TGT,5,3,0,2,0,1,0,5,0,0,1,0,0,1,5,0,2,3,7,1,2,0,0,0,0,1,0,9,0,0,1,1,0,1,5,1,0,1,1,10,0,7,2,3,0,0,2,0,0,0,0,3,7,3,0,2,0,9,0,86227,0,0,2,0
(HA2)200,GTT,0,2,0,2,0,1,2,6,0,0,0,0,2,0,4,10,0,0,0,0,0,0,5,0,0,0,0,0,0,0,0,2,0,0,0,0,0,1,1,1,6,0,1401,4,1,6,5,84847,0,4,0,2,5,1,0,1,0,0,6,7,1,3,5,4
(HA2)201,GCT,0,0,0,0,0,0,0,29,0,0,0,1,3,1,0,1,0,0,0,0,0,0,3,4,0,0,0,0,0,0,0,0,0,0,0,3,5,8,8,86222,0,0,3,2,4,0,2,13,0,0,0,0,0,4,0,1,0,0,0,0,4,0,3,3
(HA2)202,TTG,2,0,1,0,3,6,740,5,0,1,0,0,0,0,0,3,0,0,0,2,0,0,0,0,0,0,0,0,0,0,4,0,1,4,2,1,0,0,2,0,1,2,7,0,0,5,0,1,0,0,0,1,2,3,7,2,0,2,0,0,6,1,85497,6
(HA2)203,TTG,0,0,0,3,17,0,0,0,1,0,0,0,0,0,0,0,1,0,0,1,0,0,0,0,0,0,0,1,8,4,2,0,0,0,2,2,0,0,3,0,0,2,2,3,0,0,6,0,0,0,0,0,0,4,11,0,0,0,2,0,1,0,86221,2
(HA2)204,GGG,0,0,0,0,0,0,0,0,0,0,0,2,0,0,0,0,0,0,0,0,0,0,0,0,0,2,1,0,0,0,0,0,0,0,1,0,23,0,0,0,19,1,86154,2,2,3,59,1,0,0,0,0,0,0,0,0,0,0,12,0,0,0,0,0
(HA2)205,TTC,2,1,0,0,4,5,0,0,0,0,0,1,0,2,3,0,0,2,0,0,0,0,1,2,0,0,0,0,0,3,0,0,0,2,1,0,0,0,4,2,0,1,2,4,4,1,0,0,0,0,0,4,0,20,2,5,0,2,0,0,6,86197,2,7
(HA2)206,ATC,0,2,0,3,1,11,0,0,2,6,0,5,2,86155,2,10,3,0,3,1,0,4,0,0,0,0,0,0,2,0,4,0,10,4,4,0,0,0,2,3,0,3,5,0,1,8,2,5,7,2,0,0,0,0,0,5,0,0,2,8,4,0,0,0
(HA2)207,ATG,0,0,2,0,4,0,13,2,0,0,0,6,9,0,86191,5,5,0,2,0,0,0,0,1,0,0,0,0,0,0,2,0,3,3,0,0,0,0,0,3,0,0,4,0,0,4,9,0,0,0,0,5,0,2,4,0,0,5,4,3,0,0,4,4
(HA2)208,TGG,0,0,0,0,1,3,6,0,0,0,0,0,1,0,5,1,0,1,0,0,0,0,8,4,0,2,14,1,0,0,1,0,0,0,0,1,4,0,0,1,3,0,31,0,0,0,2,0,0,3,6,5,6,0,0,0,2,1,86168,11,4,3,3,0
(HA2)209,GCC,0,0,0,0,0,12,2,0,0,0,0,0,0,0,0,0,0,0,0,0,0,1,0,0,0,0,0,0,0,0,0,0,0,2,0,0,2,86198,11,6,0,4,6,3,0,37,2,0,0,0,0,0,0,5,0,0,0,0,0,0,0,0,0,0
(HA2)210,TGC,0,0,0,0,0,0,0,0,0,2,0,0,0,3,0,0,0,0,0,0,0,0,0,1,0,51,0,0,0,0,0,0,0,0,0,0,0,0,2,0,0,16,0,0,0,0,0,0,0,61,0,1,0,0,0,0,0,86119,0,16,0,0,0,0
(HA2)211,CAA,6,1,0,0,0,0,0,0,0,0,0,0,0,0,0,0,86265,0,18,0,4,0,0,0,3,2,0,0,0,1,0,0,0,0,0,0,0,0,3,0,2,0,4,0,3,0,3,0,0,2,0,0,0,0,4,0,0,3,0,0,0,0,0,2
(HA2)212,AAA,86129,3,60,4,6,0,0,0,25,0,0,0,0,0,0,1,0,0,1,3,0,0,0,1,0,1,0,0,4,2,1,1,48,0,0,0,0,0,0,0,9,0,5,0,4,0,0,0,4,2,0,1,0,1,0,0,0,0,0,0,7,1,4,2
(HA2)213,GGC,0,0,0,0,0,0,0,0,0,13,0,1,0,0,0,0,0,2,0,0,0,0,0,0,0,0,0,0,0,0,0,0,0,4,0,0,0,0,0,0,2,86275,4,28,0,0,0,0,0,0,0,0,0,0,0,0,0,0,0,0,0,0,0,0
(HA2)214,AAC,1,86296,3,2,0,0,0,0,0,22,2,0,0,0,3,0,0,0,4,2,0,0,0,0,0,0,0,0,3,0,0,0,0,7,0,0,1,0,0,0,0,0,0,0,0,0,9,0,0,4,0,0,1,0,0,0,0,0,0,0,0,0,0,0
(HA2)215,ATT,0,0,0,0,0,0,0,1,0,0,0,0,3,5,0,86337,0,0,0,0,0,0,0,0,0,0,0,0,0,0,0,0,0,0,0,0,0,0,0,0,0,0,0,0,0,0,0,7,0,0,0,0,0,0,0,0,0,0,0,0,0,0,0,0
(HA2)216,AGG,0,0,0,0,0,0,5,0,0,0,86265,0,0,2,1,0,0,0,1,0,0,0,0,0,0,0,1,0,0,0,0,0,0,0,0,0,0,0,0,0,0,0,54,0,6,0,0,0,0,0,0,0,1,0,1,0,8,0,2,0,0,0,0,3
(HA2)217,TGC,0,0,0,0,0,0,0,0,0,0,0,0,0,0,0,0,0,5,1,0,0,0,0,0,0,0,0,0,0,0,0,0,0,0,0,0,0,0,0,0,0,0,0,0,0,0,0,0,0,17,0,0,0,0,0,0,0,86268,1,11,0,0,0,0
(HA2)218,AAC,1,86329,0,2,0,1,0,0,0,1,0,0,0,0,0,0,0,0,0,0,0,0,0,0,0,0,0,0,0,0,0,0,0,4,0,1,0,0,0,0,0,0,0,0,0,3,2,0,0,0,0,0,0,0,0,0,0,0,0,2,0,0,0,1
(HA2)219,ATT,0,1,0,1,0,0,1,0,0,0,0,0,0,5,0,86335,0,0,0,0,0,0,0,0,0,0,0,0,0,0,0,5,0,0,0,1,0,0,0,0,0,0,0,0,0,3,0,4,0,0,0,0,0,0,0,0,0,0,0,0,0,0,0,2
(HA2)220,TGC,0,0,0,0,0,0,0,0,0,0,0,0,0,0,0,0,0,0,0,0,0,0,0,0,0,11,0,0,0,0,0,0,0,0,0,0,0,0,0,0,0,0,0,1,1,0,0,0,0,5,0,0,0,0,0,0,3,86302,0,21,0,0,0,0
(HA2)221,ATT,0,0,0,0,0,0,0,1,0,0,0,0,0,13,0,86320,0,0,0,0,0,0,0,1,0,0,0,0,0,0,0,0,0,0,0,0,0,0,11,0,0,0,0,0,0,0,0,2,0,0,0,0,0,0,0,0,0,0,0,0,0,0,0,0
